champ_name,counter_name,championId,counterId,champ_kda,counter_kda,champ_lane kill rate,counter_lane kill rate,champ_kill participation,counter_kill participation,champ_dmgtochamp,counter_dmgtochamp,champ_first tower kill,counter_first tower kill,champ_win ratio,counter_win ratio,champ_position win rate,counter_position win rate,champ_position pick rate,counter_position pick rate,champ_ban rate,counter_ban rate
Samira,Tahm Kench,360,223,2.17,2.87,0.3927,0.6073,0.481,0.468,17911,9570,0 days 00:16:10,0 days 00:17:21,0.4299,0.5701,0.4991,0.5429,0.2017,0.0098,0.6463,0.0023
Aphelios,Varus,523,110,1.81,2.87,0.4013,0.5987,0.401,0.495,16226,20294,0 days 00:17:03,0 days 00:17:17,0.4531,0.5469,0.4687,0.4991,0.0365,0.0774,0.0039,0.0151
Swain,Varus,50,110,2.62,2.27,0.4809,0.5191,0.493,0.473,19761,21789,0 days 00:17:32,0 days 00:18:24,0.5691,0.4309,0.5593,0.4991,0.012,0.0774,0.0096,0.0151
Draven,Kai'Sa,119,145,2.24,2.61,0.4856,0.5144,0.452,0.481,18097,16843,0 days 00:17:27,0 days 00:16:37,0.5024,0.4976,0.4987,0.5018,0.0193,0.3738,0.0035,0.0619
Sivir,Vayne,15,67,2.58,2.2,0.4785,0.5215,0.469,0.428,18755,17161,0 days 00:18:27,0 days 00:16:29,0.4865,0.5135,0.5184,0.5094,0.0371,0.1034,0.012,0.0528
Twitch,Kalista,29,429,2.62,2.02,0.5486,0.4514,0.503,0.459,19409,15516,0 days 00:16:33,0 days 00:17:25,0.5378,0.4622,0.5086,0.5042,0.0151,0.0196,0.0014,0.0029
Aphelios,Lucian,523,236,2.03,2.56,0.4276,0.5724,0.438,0.477,18718,18611,0 days 00:17:12,0 days 00:17:08,0.498,0.502,0.4687,0.4691,0.0365,0.0479,0.0039,0.0429
Twitch,Yasuo,29,157,2.69,1.71,0.502,0.498,0.5,0.41,20835,17095,0 days 00:17:19,0 days 00:18:32,0.5328,0.4672,0.5086,0.4872,0.0151,0.0075,0.0014,0.1144
Sivir,Senna,15,235,2.77,2.76,0.5347,0.4653,0.464,0.474,19223,15452,0 days 00:19:23,0 days 00:16:12,0.5125,0.4875,0.5184,0.4795,0.0371,0.0107,0.012,0.2869
Kalista,Ashe,429,22,2.13,2.57,0.5117,0.4883,0.452,0.496,15810,17250,0 days 00:17:32,0 days 00:16:48,0.4474,0.5526,0.5042,0.5115,0.0196,0.0531,0.0029,0.0017
Vayne,Lucian,67,236,2.2,2.39,0.4369,0.5631,0.443,0.475,17860,19318,0 days 00:16:32,0 days 00:18:36,0.5393,0.4607,0.5094,0.4691,0.1034,0.0479,0.0528,0.0429
Draven,Kai'Sa,119,145,2.24,2.61,0.4854,0.5146,0.452,0.481,18132,16862,0 days 00:17:27,0 days 00:16:37,0.503,0.497,0.4987,0.5018,0.0193,0.3738,0.0035,0.0619
Vayne,Jinx,67,222,2.38,2.48,0.5275,0.4725,0.449,0.477,16968,17953,0 days 00:16:25,0 days 00:17:39,0.5046,0.4954,0.5094,0.5083,0.1034,0.2215,0.0528,0.0857
Varus,Kog'Maw,110,96,2.56,2.12,0.5634,0.4366,0.472,0.458,20101,22053,0 days 00:18:14,0 days 00:17:29,0.4993,0.5007,0.4991,0.4997,0.0774,0.0264,0.0151,0.0025
Varus,Swain,110,50,2.27,2.63,0.518,0.482,0.473,0.494,21809,19790,0 days 00:18:25,0 days 00:17:32,0.4299,0.5701,0.4991,0.5593,0.0774,0.012,0.0151,0.0096
Ezreal,Kog'Maw,81,96,2.39,2.24,0.5111,0.4889,0.442,0.464,21185,22136,0 days 00:17:45,0 days 00:17:46,0.4953,0.5047,0.4785,0.4997,0.2779,0.0264,0.0323,0.0025
Ezreal,Senna,81,235,2.31,2.8,0.528,0.472,0.443,0.497,21600,16287,0 days 00:18:18,0 days 00:17:15,0.4871,0.5129,0.4785,0.4795,0.2779,0.0107,0.0323,0.2869
Lucian,Sivir,236,15,2.3,2.57,0.5618,0.4382,0.44,0.459,18268,19362,0 days 00:17:23,0 days 00:17:58,0.4626,0.5374,0.4691,0.5184,0.0479,0.0371,0.0429,0.012
Aphelios,Tahm Kench,523,223,2.12,2.95,0.4369,0.5631,0.465,0.449,20011,8604,0 days 00:17:18,0 days 00:16:15,0.4336,0.5664,0.4687,0.5429,0.0365,0.0098,0.0039,0.0023
Draven,Senna,119,235,2.33,2.78,0.5953,0.4047,0.456,0.508,19122,16614,0 days 00:18:43,0 days 00:16:04,0.4873,0.5127,0.4987,0.4795,0.0193,0.0107,0.0035,0.2869
Ashe,Tristana,22,18,2.33,2.49,0.4374,0.5626,0.471,0.468,16391,17495,0 days 00:16:34,0 days 00:17:39,0.4949,0.5051,0.5115,0.5021,0.0531,0.0967,0.0017,0.0502
Draven,Ashe,119,22,2.14,2.49,0.503,0.497,0.444,0.478,17732,16206,0 days 00:17:25,0 days 00:17:10,0.4859,0.5141,0.4987,0.5115,0.0193,0.0531,0.0035,0.0017
Jhin,Caitlyn,202,51,3.19,2.16,0.5599,0.4401,0.487,0.424,17115,17177,0 days 00:16:41,0 days 00:17:59,0.5182,0.4818,0.511,0.5039,0.1309,0.0868,0.0033,0.011
Kalista,Tahm Kench,429,223,2.09,2.86,0.4063,0.5937,0.464,0.47,16414,9182,0 days 00:16:02,0 days 00:16:47,0.4865,0.5135,0.5042,0.5429,0.0196,0.0098,0.0029,0.0023
Caitlyn,Kalista,51,429,2.49,2.24,0.4827,0.5173,0.469,0.446,18063,15668,0 days 00:17:10,0 days 00:16:07,0.528,0.472,0.5039,0.5042,0.0868,0.0196,0.011,0.0029
Ashe,Kai'Sa,22,145,2.46,2.46,0.473,0.527,0.478,0.467,16728,16971,0 days 00:17:46,0 days 00:17:13,0.5195,0.4805,0.5115,0.5018,0.0531,0.3738,0.0017,0.0619
Xayah,Ashe,498,22,2.29,2.48,0.5282,0.4718,0.443,0.469,16577,16534,0 days 00:18:02,0 days 00:17:12,0.4569,0.5431,0.4769,0.5115,0.0289,0.0531,0.0009,0.0017
Sivir,Twitch,15,29,2.29,2.64,0.3724,0.6276,0.449,0.494,17522,21110,0 days 00:18:16,0 days 00:16:55,0.5008,0.4992,0.5184,0.5086,0.0371,0.0151,0.012,0.0014
Varus,Draven,110,119,2.51,2.1,0.5137,0.4863,0.475,0.436,19717,18098,0 days 00:17:41,0 days 00:17:15,0.5169,0.4831,0.4991,0.4987,0.0774,0.0193,0.0151,0.0035
Swain,Sivir,50,15,2.67,2.52,0.5419,0.4581,0.501,0.461,20056,21080,0 days 00:16:37,0 days 00:18:59,0.4789,0.5211,0.5593,0.5184,0.012,0.0371,0.0096,0.012
Swain,Ashe,50,22,2.7,2.2,0.6079,0.3921,0.518,0.454,20009,17006,0 days 00:17:32,0 days 00:17:42,0.4839,0.5161,0.5593,0.5115,0.012,0.0531,0.0096,0.0017
Senna,Jhin,235,202,2.52,3.15,0.3857,0.6143,0.48,0.486,16017,17761,0 days 00:17:12,0 days 00:19:12,0.4409,0.5591,0.4795,0.511,0.0107,0.1309,0.2869,0.0033
Tahm Kench,Caitlyn,223,51,2.81,2.34,0.5937,0.4063,0.431,0.449,8794,19998,0 days 00:16:30,0 days 00:17:16,0.5211,0.4789,0.5429,0.5039,0.0098,0.0868,0.0023,0.011
Ezreal,Ashe,81,22,2.24,2.49,0.5002,0.4998,0.439,0.465,20907,16547,0 days 00:17:39,0 days 00:17:35,0.4733,0.5267,0.4785,0.5115,0.2779,0.0531,0.0323,0.0017
Draven,Twitch,119,29,1.91,2.67,0.4665,0.5335,0.433,0.524,18978,20903,0 days 00:18:01,0 days 00:16:43,0.4839,0.5161,0.4987,0.5086,0.0193,0.0151,0.0035,0.0014
Kai'Sa,Kog'Maw,145,96,2.6,2.25,0.5183,0.4817,0.471,0.488,17021,22766,0 days 00:17:11,0 days 00:18:01,0.5011,0.4989,0.5018,0.4997,0.3738,0.0264,0.0619,0.0025
Aphelios,Jhin,523,202,1.92,3.33,0.4301,0.5699,0.428,0.505,17225,17147,0 days 00:17:36,0 days 00:16:53,0.4632,0.5368,0.4687,0.511,0.0365,0.1309,0.0039,0.0033
Miss Fortune,Senna,21,235,2.43,2.66,0.5265,0.4735,0.453,0.494,18406,16054,0 days 00:18:40,0 days 00:17:08,0.5471,0.4529,0.5107,0.4795,0.0356,0.0107,0.0012,0.2869
Varus,Miss Fortune,110,21,2.45,2.28,0.5457,0.4543,0.466,0.446,19530,17660,0 days 00:17:48,0 days 00:17:36,0.4753,0.5247,0.4991,0.5107,0.0774,0.0356,0.0151,0.0012
Jinx,Senna,222,235,2.52,2.86,0.5217,0.4783,0.465,0.497,17841,16118,0 days 00:17:58,0 days 00:16:35,0.5204,0.4796,0.5083,0.4795,0.2215,0.0107,0.0857,0.2869
Varus,Caitlyn,110,51,2.58,2.19,0.5626,0.4374,0.464,0.42,19512,16690,0 days 00:16:55,0 days 00:17:35,0.5047,0.4953,0.4991,0.5039,0.0774,0.0868,0.0151,0.011
Draven,Lucian,119,236,2.09,2.51,0.4424,0.5576,0.453,0.47,19141,17856,0 days 00:17:12,0 days 00:17:48,0.4665,0.5335,0.4987,0.4691,0.0193,0.0479,0.0035,0.0429
Kai'Sa,Caitlyn,145,51,2.72,2.33,0.539,0.461,0.465,0.449,16868,17847,0 days 00:15:40,0 days 00:18:00,0.4993,0.5007,0.5018,0.5039,0.3738,0.0868,0.0619,0.011
Kalista,Varus,429,110,2.18,2.43,0.4829,0.5171,0.445,0.478,15446,19061,0 days 00:17:24,0 days 00:17:04,0.526,0.474,0.5042,0.4991,0.0196,0.0774,0.0029,0.0151
Caitlyn,Tristana,51,18,2.27,2.56,0.4592,0.5408,0.444,0.457,17615,17103,0 days 00:16:50,0 days 00:16:05,0.4975,0.5025,0.5039,0.5021,0.0868,0.0967,0.011,0.0502
Swain,Kalista,50,429,3.25,1.91,0.5867,0.4133,0.529,0.457,19807,15310,0 days 00:16:25,0 days 00:17:04,0.6183,0.3817,0.5593,0.5042,0.012,0.0196,0.0096,0.0029
Kalista,Kai'Sa,429,145,2.27,2.71,0.4775,0.5225,0.467,0.491,15989,17400,0 days 00:17:24,0 days 00:16:26,0.4946,0.5054,0.5042,0.5018,0.0196,0.3738,0.0029,0.0619
Vayne,Kalista,67,429,2.26,2.31,0.4636,0.5364,0.461,0.478,17700,16949,0 days 00:16:05,0 days 00:17:54,0.5213,0.4787,0.5094,0.5042,0.1034,0.0196,0.0528,0.0029
Tristana,Yasuo,18,157,2.54,2.0,0.4965,0.5035,0.478,0.445,17847,17322,0 days 00:16:33,0 days 00:16:56,0.5024,0.4976,0.5021,0.4872,0.0967,0.0075,0.0502,0.1144
Senna,Aphelios,235,523,3.09,2.01,0.4583,0.5417,0.521,0.437,16377,18458,0 days 00:15:51,0 days 00:18:26,0.5627,0.4373,0.4795,0.4687,0.0107,0.0365,0.2869,0.0039
Jhin,Swain,202,50,2.71,2.64,0.4678,0.5322,0.506,0.484,18232,19561,0 days 00:18:11,0 days 00:18:03,0.4487,0.5513,0.511,0.5593,0.1309,0.012,0.0033,0.0096
Kalista,Yasuo,429,157,2.31,1.9,0.4972,0.5028,0.485,0.441,17244,16810,0 days 00:17:00,0 days 00:16:58,0.5232,0.4768,0.5042,0.4872,0.0196,0.0075,0.0029,0.1144
Jinx,Tristana,222,18,2.39,2.69,0.4364,0.5636,0.47,0.471,17356,17449,0 days 00:16:10,0 days 00:17:02,0.493,0.507,0.5083,0.5021,0.2215,0.0967,0.0857,0.0502
Ezreal,Lucian,81,236,2.32,2.4,0.4593,0.5407,0.442,0.45,21845,18427,0 days 00:17:07,0 days 00:18:12,0.5001,0.4999,0.4785,0.4691,0.2779,0.0479,0.0323,0.0429
Tristana,Draven,18,119,2.52,2.14,0.5061,0.4939,0.469,0.451,17140,18199,0 days 00:17:03,0 days 00:16:33,0.5178,0.4822,0.5021,0.4987,0.0967,0.0193,0.0502,0.0035
Twitch,Senna,29,235,2.75,2.43,0.6391,0.3609,0.523,0.486,22010,16381,0 days 00:18:18,0 days 00:18:05,0.5421,0.4579,0.5086,0.4795,0.0151,0.0107,0.0014,0.2869
Senna,Ezreal,235,81,2.81,2.31,0.4716,0.5284,0.497,0.442,16254,21582,0 days 00:17:15,0 days 00:18:19,0.5124,0.4876,0.4795,0.4785,0.0107,0.2779,0.2869,0.0323
Swain,Jinx,50,222,3.02,2.15,0.6068,0.3932,0.521,0.463,20101,18093,0 days 00:17:11,0 days 00:17:15,0.5636,0.4364,0.5593,0.5083,0.012,0.2215,0.0096,0.0857
Tristana,Aphelios,18,523,2.68,2.01,0.5434,0.4566,0.47,0.448,17416,17645,0 days 00:16:32,0 days 00:16:30,0.5393,0.4607,0.5021,0.4687,0.0967,0.0365,0.0502,0.0039
Ezreal,Tahm Kench,81,223,2.37,2.68,0.4583,0.5417,0.447,0.419,22943,8733,0 days 00:17:13,0 days 00:17:39,0.4754,0.5246,0.4785,0.5429,0.2779,0.0098,0.0323,0.0023
Tahm Kench,Jinx,223,222,2.93,2.33,0.6264,0.3736,0.452,0.462,8761,18846,0 days 00:16:54,0 days 00:16:38,0.5282,0.4718,0.5429,0.5083,0.0098,0.2215,0.0023,0.0857
Lucian,Miss Fortune,236,21,2.29,2.43,0.5292,0.4708,0.45,0.475,17797,19317,0 days 00:17:44,0 days 00:17:26,0.4525,0.5475,0.4691,0.5107,0.0479,0.0356,0.0429,0.0012
Sivir,Ezreal,15,81,2.8,2.19,0.5176,0.4824,0.461,0.416,19240,19570,0 days 00:18:34,0 days 00:16:29,0.5517,0.4483,0.5184,0.4785,0.0371,0.2779,0.012,0.0323
Yasuo,Aphelios,157,523,2.33,2.0,0.5171,0.4829,0.482,0.448,17183,17615,0 days 00:17:13,0 days 00:17:10,0.5579,0.4421,0.4872,0.4687,0.0075,0.0365,0.1144,0.0039
Yasuo,Jinx,157,222,2.08,2.53,0.566,0.434,0.447,0.486,17205,17831,0 days 00:17:43,0 days 00:16:37,0.499,0.501,0.4872,0.5083,0.0075,0.2215,0.1144,0.0857
Xayah,Yasuo,498,157,2.96,1.79,0.6183,0.3817,0.514,0.426,19842,15341,0 days 00:17:19,0 days 00:16:50,0.5441,0.4559,0.4769,0.4872,0.0289,0.0075,0.0009,0.1144
Aphelios,Kai'Sa,523,145,2.07,2.88,0.4519,0.5481,0.449,0.488,18002,17213,0 days 00:17:39,0 days 00:16:11,0.4771,0.5229,0.4687,0.5018,0.0365,0.3738,0.0039,0.0619
Senna,Ashe,235,22,2.63,2.52,0.4743,0.5257,0.491,0.469,15804,16788,0 days 00:17:20,0 days 00:18:20,0.4727,0.5273,0.4795,0.5115,0.0107,0.0531,0.2869,0.0017
Tahm Kench,Tristana,223,18,2.92,2.45,0.6547,0.3453,0.453,0.451,9410,17900,0 days 00:17:21,0 days 00:16:19,0.5251,0.4749,0.5429,0.5021,0.0098,0.0967,0.0023,0.0502
Draven,Tristana,119,18,2.14,2.51,0.4926,0.5074,0.451,0.469,18209,17153,0 days 00:16:32,0 days 00:17:04,0.4828,0.5172,0.4987,0.5021,0.0193,0.0967,0.0035,0.0502
Twitch,Aphelios,29,523,2.77,1.8,0.5765,0.4235,0.527,0.425,20421,16167,0 days 00:16:25,0 days 00:17:22,0.5372,0.4628,0.5086,0.4687,0.0151,0.0365,0.0014,0.0039
Varus,Ashe,110,22,2.32,2.39,0.5325,0.4675,0.462,0.454,19111,15760,0 days 00:18:15,0 days 00:17:21,0.4836,0.5164,0.4991,0.5115,0.0774,0.0531,0.0151,0.0017
Swain,Jhin,50,202,2.64,2.7,0.5298,0.4702,0.483,0.505,19552,18224,0 days 00:18:02,0 days 00:18:11,0.5525,0.4475,0.5593,0.511,0.012,0.1309,0.0096,0.0033
Samira,Jhin,360,202,2.22,2.86,0.5004,0.4996,0.467,0.503,17762,17255,0 days 00:17:26,0 days 00:17:26,0.4959,0.5041,0.4991,0.511,0.2017,0.1309,0.6463,0.0033
Jinx,Aphelios,222,523,2.83,2.15,0.5062,0.4938,0.486,0.442,17799,17588,0 days 00:16:11,0 days 00:16:58,0.538,0.462,0.5083,0.4687,0.2215,0.0365,0.0857,0.0039
Xayah,Kai'Sa,498,145,2.5,2.63,0.521,0.479,0.461,0.471,17717,17577,0 days 00:17:59,0 days 00:16:38,0.4842,0.5158,0.4769,0.5018,0.0289,0.3738,0.0009,0.0619
Ashe,Swain,22,50,2.2,2.69,0.3933,0.6067,0.454,0.518,17029,20028,0 days 00:17:43,0 days 00:17:32,0.5161,0.4839,0.5115,0.5593,0.0531,0.012,0.0017,0.0096
Jhin,Kalista,202,429,2.96,2.17,0.51,0.49,0.501,0.456,17652,16627,0 days 00:16:55,0 days 00:17:37,0.5107,0.4893,0.511,0.5042,0.1309,0.0196,0.0033,0.0029
Lucian,Twitch,236,29,2.34,2.37,0.4946,0.5054,0.455,0.495,18113,19774,0 days 00:18:29,0 days 00:16:37,0.5357,0.4643,0.4691,0.5086,0.0479,0.0151,0.0429,0.0014
Xayah,Aphelios,498,523,2.72,1.97,0.5839,0.4161,0.478,0.423,17552,18139,0 days 00:17:11,0 days 00:17:07,0.5202,0.4798,0.4769,0.4687,0.0289,0.0365,0.0009,0.0039
Ashe,Miss Fortune,22,21,2.44,2.29,0.5018,0.4982,0.465,0.459,16007,17774,0 days 00:17:16,0 days 00:17:44,0.4923,0.5077,0.5115,0.5107,0.0531,0.0356,0.0017,0.0012
Senna,Samira,235,360,2.79,2.26,0.4657,0.5343,0.53,0.47,17860,17488,0 days 00:16:59,0 days 00:17:47,0.5007,0.4993,0.4795,0.4991,0.0107,0.2017,0.2869,0.6463
Vayne,Kog'Maw,67,96,2.21,2.3,0.4861,0.5139,0.441,0.491,16318,23018,0 days 00:16:48,0 days 00:18:21,0.4945,0.5055,0.5094,0.4997,0.1034,0.0264,0.0528,0.0025
Twitch,Caitlyn,29,51,2.65,2.08,0.5743,0.4257,0.494,0.429,20106,17312,0 days 00:15:50,0 days 00:18:08,0.5221,0.4779,0.5086,0.5039,0.0151,0.0868,0.0014,0.011
Jinx,Ashe,222,22,2.33,2.63,0.4648,0.5352,0.461,0.478,16917,16551,0 days 00:17:09,0 days 00:17:11,0.485,0.515,0.5083,0.5115,0.2215,0.0531,0.0857,0.0017
Samira,Sivir,360,15,2.3,2.6,0.5437,0.4563,0.463,0.484,17897,19304,0 days 00:16:35,0 days 00:18:00,0.4894,0.5106,0.4991,0.5184,0.2017,0.0371,0.6463,0.012
Jinx,Yasuo,222,157,2.53,2.08,0.4353,0.5647,0.487,0.446,17841,17142,0 days 00:16:38,0 days 00:17:42,0.5,0.5,0.5083,0.4872,0.2215,0.0075,0.0857,0.1144
Ezreal,Yasuo,81,157,2.4,2.07,0.4648,0.5352,0.464,0.442,21604,17829,0 days 00:16:39,0 days 00:18:27,0.4676,0.5324,0.4785,0.4872,0.2779,0.0075,0.0323,0.1144
Draven,Ezreal,119,81,2.22,2.41,0.5047,0.4953,0.441,0.453,18425,20687,0 days 00:17:25,0 days 00:16:57,0.5059,0.4941,0.4987,0.4785,0.0193,0.2779,0.0035,0.0323
Jinx,Vayne,222,67,2.48,2.38,0.4723,0.5277,0.476,0.449,17943,16955,0 days 00:17:39,0 days 00:16:25,0.4955,0.5045,0.5083,0.5094,0.2215,0.1034,0.0857,0.0528
Samira,Tristana,360,18,2.4,2.41,0.5205,0.4795,0.488,0.478,18197,17244,0 days 00:16:24,0 days 00:17:04,0.509,0.491,0.4991,0.5021,0.2017,0.0967,0.6463,0.0502
Draven,Yasuo,119,157,2.27,1.89,0.4868,0.5132,0.473,0.434,19196,16939,0 days 00:16:30,0 days 00:17:41,0.4954,0.5046,0.4987,0.4872,0.0193,0.0075,0.0035,0.1144
Lucian,Caitlyn,236,51,2.44,2.35,0.534,0.466,0.452,0.447,17703,18638,0 days 00:16:37,0 days 00:17:34,0.4784,0.5216,0.4691,0.5039,0.0479,0.0868,0.0429,0.011
Caitlyn,Swain,51,50,2.11,2.95,0.4018,0.5982,0.446,0.508,18372,20003,0 days 00:17:47,0 days 00:16:43,0.4623,0.5377,0.5039,0.5593,0.0868,0.012,0.011,0.0096
Ashe,Ezreal,22,81,2.49,2.24,0.4994,0.5006,0.465,0.439,16540,20911,0 days 00:17:35,0 days 00:17:38,0.5268,0.4732,0.5115,0.4785,0.0531,0.2779,0.0017,0.0323
Xayah,Tahm Kench,498,223,2.27,3.2,0.3987,0.6013,0.435,0.48,19426,9887,0 days 00:17:29,0 days 00:17:35,0.4059,0.5941,0.4769,0.5429,0.0289,0.0098,0.0009,0.0023
Swain,Kog'Maw,50,96,2.69,2.05,0.579,0.421,0.52,0.488,20212,24823,0 days 00:19:08,0 days 00:18:04,0.5053,0.4947,0.5593,0.4997,0.012,0.0264,0.0096,0.0025
Jinx,Kog'Maw,222,96,2.58,2.35,0.4847,0.5153,0.465,0.483,17242,22366,0 days 00:17:14,0 days 00:17:23,0.5081,0.4919,0.5083,0.4997,0.2215,0.0264,0.0857,0.0025
Tristana,Swain,18,50,2.25,2.88,0.4821,0.5179,0.46,0.529,18323,20720,0 days 00:17:58,0 days 00:16:58,0.4726,0.5274,0.5021,0.5593,0.0967,0.012,0.0502,0.0096
Vayne,Aphelios,67,523,2.45,2.09,0.5088,0.4912,0.457,0.458,16992,18653,0 days 00:15:57,0 days 00:17:59,0.5327,0.4673,0.5094,0.4687,0.1034,0.0365,0.0528,0.0039
Yasuo,Twitch,157,29,1.69,2.71,0.502,0.498,0.409,0.498,17060,20951,0 days 00:18:33,0 days 00:17:16,0.4552,0.5448,0.4872,0.5086,0.0075,0.0151,0.1144,0.0014
Miss Fortune,Twitch,21,29,2.09,2.54,0.4295,0.5705,0.453,0.503,17759,20330,0 days 00:18:01,0 days 00:17:06,0.4937,0.5063,0.5107,0.5086,0.0356,0.0151,0.0012,0.0014
Lucian,Vayne,236,67,2.39,2.2,0.563,0.437,0.475,0.443,19340,17863,0 days 00:18:37,0 days 00:16:32,0.4616,0.5384,0.4691,0.5094,0.0479,0.1034,0.0429,0.0528
Twitch,Varus,29,110,2.49,2.17,0.5467,0.4533,0.506,0.459,21295,19083,0 days 00:17:36,0 days 00:18:40,0.5123,0.4877,0.5086,0.4991,0.0151,0.0774,0.0014,0.0151
Lucian,Tristana,236,18,2.34,2.43,0.5162,0.4838,0.466,0.456,18514,17919,0 days 00:17:05,0 days 00:17:06,0.4763,0.5237,0.4691,0.5021,0.0479,0.0967,0.0429,0.0502
Swain,Ezreal,50,81,2.85,2.21,0.5644,0.4356,0.499,0.456,19684,22794,0 days 00:17:33,0 days 00:17:56,0.5602,0.4398,0.5593,0.4785,0.012,0.2779,0.0096,0.0323
Yasuo,Ashe,157,22,1.97,2.42,0.5535,0.4465,0.435,0.483,16857,16411,0 days 00:17:57,0 days 00:16:33,0.4915,0.5085,0.4872,0.5115,0.0075,0.0531,0.1144,0.0017
Kalista,Twitch,429,29,2.01,2.63,0.4497,0.5503,0.457,0.505,15506,19486,0 days 00:17:23,0 days 00:16:33,0.4603,0.5397,0.5042,0.5086,0.0196,0.0151,0.0029,0.0014
Ashe,Sivir,22,15,2.42,2.49,0.526,0.474,0.449,0.456,16039,18696,0 days 00:16:54,0 days 00:18:36,0.4993,0.5007,0.5115,0.5184,0.0531,0.0371,0.0017,0.012
Senna,Kai'Sa,235,145,2.72,2.65,0.4144,0.5856,0.505,0.47,16601,17834,0 days 00:17:15,0 days 00:18:03,0.4938,0.5062,0.4795,0.5018,0.0107,0.3738,0.2869,0.0619
Samira,Varus,360,110,2.19,2.47,0.4952,0.5048,0.455,0.488,16659,19535,0 days 00:17:02,0 days 00:17:32,0.4995,0.5005,0.4991,0.4991,0.2017,0.0774,0.6463,0.0151
Yasuo,Sivir,157,15,1.98,2.62,0.5033,0.4967,0.432,0.477,16911,19533,0 days 00:17:35,0 days 00:17:09,0.5187,0.4813,0.4872,0.5184,0.0075,0.0371,0.1144,0.012
Tahm Kench,Jhin,223,202,2.48,2.89,0.5567,0.4433,0.415,0.482,8851,18716,0 days 00:17:51,0 days 00:17:39,0.4943,0.5057,0.5429,0.511,0.0098,0.1309,0.0023,0.0033
Samira,Miss Fortune,360,21,2.29,2.39,0.5254,0.4746,0.474,0.494,17644,18983,0 days 00:16:43,0 days 00:17:31,0.4898,0.5102,0.4991,0.5107,0.2017,0.0356,0.6463,0.0012
Tahm Kench,Kog'Maw,223,96,2.54,2.29,0.6007,0.3993,0.446,0.485,8356,25679,0 days 00:17:06,0 days 00:17:18,0.4908,0.5092,0.5429,0.4997,0.0098,0.0264,0.0023,0.0025
Aphelios,Twitch,523,29,1.8,2.77,0.4276,0.5724,0.424,0.528,16129,20410,0 days 00:17:18,0 days 00:16:25,0.4603,0.5397,0.4687,0.5086,0.0365,0.0151,0.0039,0.0014
Yasuo,Kalista,157,429,1.9,2.31,0.5028,0.4972,0.441,0.485,16810,17244,0 days 00:16:58,0 days 00:17:00,0.4768,0.5232,0.4872,0.5042,0.0075,0.0196,0.1144,0.0029
Jinx,Twitch,222,29,2.15,2.82,0.3767,0.6233,0.453,0.512,16444,20593,0 days 00:17:21,0 days 00:16:58,0.4714,0.5286,0.5083,0.5086,0.2215,0.0151,0.0857,0.0014
Kai'Sa,Miss Fortune,145,21,2.54,2.44,0.5197,0.4803,0.461,0.478,16841,18639,0 days 00:16:52,0 days 00:17:51,0.4888,0.5112,0.5018,0.5107,0.3738,0.0356,0.0619,0.0012
Caitlyn,Senna,51,235,2.39,2.97,0.5636,0.4364,0.445,0.503,18002,16017,0 days 00:18:35,0 days 00:15:48,0.4957,0.5043,0.5039,0.4795,0.0868,0.0107,0.011,0.2869
Ashe,Varus,22,110,2.38,2.32,0.4669,0.5331,0.454,0.462,15779,19132,0 days 00:17:21,0 days 00:18:15,0.5147,0.4853,0.5115,0.4991,0.0531,0.0774,0.0017,0.0151
Sivir,Swain,15,50,2.52,2.66,0.4586,0.5414,0.462,0.501,21094,20065,0 days 00:18:59,0 days 00:16:37,0.5222,0.4778,0.5184,0.5593,0.0371,0.012,0.012,0.0096
Yasuo,Jhin,157,202,1.87,2.96,0.5144,0.4856,0.431,0.5,16904,16983,0 days 00:18:23,0 days 00:16:43,0.4733,0.5267,0.4872,0.511,0.0075,0.1309,0.1144,0.0033
Kalista,Vayne,429,67,2.31,2.26,0.5356,0.4644,0.477,0.462,16929,17731,0 days 00:17:55,0 days 00:16:06,0.4777,0.5223,0.5042,0.5094,0.0196,0.1034,0.0029,0.0528
Ashe,Caitlyn,22,51,2.59,2.25,0.5022,0.4978,0.466,0.436,16090,17087,0 days 00:16:23,0 days 00:17:58,0.5161,0.4839,0.5115,0.5039,0.0531,0.0868,0.0017,0.011
Xayah,Kalista,498,429,2.57,2.45,0.527,0.473,0.48,0.475,18679,17680,0 days 00:16:50,0 days 00:17:07,0.4669,0.5331,0.4769,0.5042,0.0289,0.0196,0.0009,0.0029
Vayne,Caitlyn,67,51,2.24,2.41,0.49,0.51,0.433,0.459,16384,18848,0 days 00:15:07,0 days 00:18:22,0.4959,0.5041,0.5094,0.5039,0.1034,0.0868,0.0528,0.011
Sivir,Draven,15,119,2.76,2.1,0.5136,0.4864,0.468,0.43,18864,18121,0 days 00:17:26,0 days 00:16:47,0.5278,0.4722,0.5184,0.4987,0.0371,0.0193,0.012,0.0035
Ezreal,Varus,81,110,2.16,2.48,0.4427,0.5573,0.423,0.459,19859,19709,0 days 00:17:07,0 days 00:18:08,0.4805,0.5195,0.4785,0.4991,0.2779,0.0774,0.0323,0.0151
Ezreal,Tristana,81,18,2.28,2.58,0.4724,0.5276,0.447,0.459,20874,17686,0 days 00:16:24,0 days 00:17:24,0.4709,0.5291,0.4785,0.5021,0.2779,0.0967,0.0323,0.0502
Tristana,Jhin,18,202,2.39,2.81,0.5252,0.4748,0.452,0.485,17309,16746,0 days 00:17:50,0 days 00:16:38,0.5018,0.4982,0.5021,0.511,0.0967,0.1309,0.0502,0.0033
Varus,Tristana,110,18,2.34,2.42,0.482,0.518,0.467,0.452,19140,17180,0 days 00:16:48,0 days 00:17:21,0.4851,0.5149,0.4991,0.5021,0.0774,0.0967,0.0151,0.0502
Senna,Sivir,235,15,2.77,2.78,0.4684,0.5316,0.475,0.463,15419,19155,0 days 00:16:11,0 days 00:19:26,0.4851,0.5149,0.4795,0.5184,0.0107,0.0371,0.2869,0.012
Senna,Kalista,235,429,3.12,2.1,0.4816,0.5184,0.526,0.459,17682,15431,0 days 00:16:34,0 days 00:17:58,0.5498,0.4502,0.4795,0.5042,0.0107,0.0196,0.2869,0.0029
Senna,Swain,235,50,2.13,3.22,0.3205,0.6795,0.448,0.53,13640,19687,0 days 00:17:28,0 days 00:17:32,0.4815,0.5185,0.4795,0.5593,0.0107,0.012,0.2869,0.0096
Yasuo,Kai'Sa,157,145,1.98,2.66,0.4776,0.5224,0.449,0.492,16981,18504,0 days 00:18:01,0 days 00:16:40,0.4903,0.5097,0.4872,0.5018,0.0075,0.3738,0.1144,0.0619
Ashe,Tahm Kench,22,223,2.49,2.5,0.3595,0.6405,0.474,0.453,19168,9252,0 days 00:17:11,0 days 00:18:01,0.5145,0.4855,0.5115,0.5429,0.0531,0.0098,0.0017,0.0023
Aphelios,Caitlyn,523,51,2.06,2.72,0.4603,0.5397,0.426,0.461,16947,18016,0 days 00:16:20,0 days 00:17:01,0.4516,0.5484,0.4687,0.5039,0.0365,0.0868,0.0039,0.011
Senna,Jinx,235,222,2.86,2.53,0.4761,0.5239,0.498,0.465,16198,17856,0 days 00:16:37,0 days 00:17:57,0.4803,0.5197,0.4795,0.5083,0.0107,0.2215,0.2869,0.0857
Caitlyn,Samira,51,360,2.31,2.44,0.4517,0.5483,0.462,0.474,17962,17284,0 days 00:17:30,0 days 00:15:46,0.5009,0.4991,0.5039,0.4991,0.0868,0.2017,0.011,0.6463
Jhin,Kog'Maw,202,96,3.19,2.06,0.569,0.431,0.492,0.453,17812,22212,0 days 00:18:05,0 days 00:18:04,0.5377,0.4623,0.511,0.4997,0.1309,0.0264,0.0033,0.0025
Jhin,Samira,202,360,2.86,2.22,0.4996,0.5004,0.503,0.467,17255,17761,0 days 00:17:26,0 days 00:17:26,0.5041,0.4959,0.511,0.4991,0.1309,0.2017,0.0033,0.6463
Ezreal,Samira,81,360,2.31,2.45,0.469,0.531,0.462,0.475,21345,18112,0 days 00:17:12,0 days 00:17:10,0.4744,0.5256,0.4785,0.4991,0.2779,0.2017,0.0323,0.6463
Kai'Sa,Lucian,145,236,2.61,2.35,0.49,0.51,0.479,0.467,18192,18664,0 days 00:16:57,0 days 00:18:12,0.5263,0.4737,0.5018,0.4691,0.3738,0.0479,0.0619,0.0429
Kai'Sa,Jinx,145,222,2.78,2.52,0.5533,0.4467,0.477,0.475,17026,17693,0 days 00:16:40,0 days 00:17:19,0.4916,0.5084,0.5018,0.5083,0.3738,0.2215,0.0619,0.0857
Miss Fortune,Lucian,21,236,2.43,2.29,0.4708,0.5292,0.475,0.45,19313,17794,0 days 00:17:26,0 days 00:17:44,0.5477,0.4523,0.5107,0.4691,0.0356,0.0479,0.0012,0.0429
Senna,Twitch,235,29,2.43,2.75,0.3609,0.6391,0.486,0.523,16381,22010,0 days 00:18:05,0 days 00:18:18,0.4579,0.5421,0.4795,0.5086,0.0107,0.0151,0.2869,0.0014
Varus,Vayne,110,67,2.56,2.02,0.5636,0.4364,0.48,0.42,19915,15987,0 days 00:18:29,0 days 00:16:30,0.5017,0.4983,0.4991,0.5094,0.0774,0.1034,0.0151,0.0528
Caitlyn,Twitch,51,29,2.08,2.65,0.426,0.574,0.429,0.494,17292,20135,0 days 00:18:08,0 days 00:15:51,0.4765,0.5235,0.5039,0.5086,0.0868,0.0151,0.011,0.0014
Ezreal,Kai'Sa,81,145,2.27,2.74,0.455,0.545,0.445,0.471,20748,17834,0 days 00:17:36,0 days 00:17:13,0.4696,0.5304,0.4785,0.5018,0.2779,0.3738,0.0323,0.0619
Swain,Yasuo,50,157,3.24,1.73,0.5808,0.4192,0.553,0.447,25141,17640,0 days 00:17:40,0 days 00:17:39,0.5794,0.4206,0.5593,0.4872,0.012,0.0075,0.0096,0.1144
Twitch,Draven,29,119,2.68,1.9,0.5346,0.4654,0.523,0.432,20972,18981,0 days 00:16:46,0 days 00:18:01,0.5189,0.4811,0.5086,0.4987,0.0151,0.0193,0.0014,0.0035
Miss Fortune,Yasuo,21,157,2.41,2.02,0.4614,0.5386,0.488,0.446,18104,17347,0 days 00:16:57,0 days 00:18:07,0.4923,0.5077,0.5107,0.4872,0.0356,0.0075,0.0012,0.1144
Sivir,Kai'Sa,15,145,2.62,2.59,0.4545,0.5455,0.464,0.458,19128,17180,0 days 00:18:29,0 days 00:16:26,0.5136,0.4864,0.5184,0.5018,0.0371,0.3738,0.012,0.0619
Jinx,Varus,222,110,2.32,2.67,0.4117,0.5883,0.446,0.478,16245,19313,0 days 00:16:46,0 days 00:17:28,0.4943,0.5057,0.5083,0.4991,0.2215,0.0774,0.0857,0.0151
Kalista,Draven,429,119,2.29,2.16,0.4879,0.5121,0.458,0.464,15250,18226,0 days 00:16:50,0 days 00:16:51,0.5142,0.4858,0.5042,0.4987,0.0196,0.0193,0.0029,0.0035
Samira,Kalista,360,429,2.46,2.23,0.5124,0.4876,0.498,0.48,18140,16451,0 days 00:16:22,0 days 00:16:55,0.5169,0.4831,0.4991,0.5042,0.2017,0.0196,0.6463,0.0029
Sivir,Xayah,15,498,2.76,2.34,0.4594,0.5406,0.467,0.429,20408,17854,0 days 00:17:35,0 days 00:17:21,0.5471,0.4529,0.5184,0.4769,0.0371,0.0289,0.012,0.0009
Lucian,Kai'Sa,236,145,2.35,2.61,0.5097,0.4903,0.467,0.479,18671,18200,0 days 00:18:12,0 days 00:16:57,0.4731,0.5269,0.4691,0.5018,0.0479,0.3738,0.0429,0.0619
Varus,Ezreal,110,81,2.48,2.16,0.5581,0.4419,0.459,0.423,19711,19851,0 days 00:18:08,0 days 00:17:06,0.5194,0.4806,0.4991,0.4785,0.0774,0.2779,0.0151,0.0323
Kai'Sa,Kalista,145,429,2.71,2.27,0.522,0.478,0.491,0.466,17377,15974,0 days 00:16:25,0 days 00:17:24,0.5052,0.4948,0.5018,0.5042,0.3738,0.0196,0.0619,0.0029
Kalista,Aphelios,429,523,2.28,2.23,0.5187,0.4813,0.467,0.464,15539,18258,0 days 00:16:36,0 days 00:16:34,0.4832,0.5168,0.5042,0.4687,0.0196,0.0365,0.0029,0.0039
Ashe,Jhin,22,202,2.26,2.93,0.4588,0.5412,0.452,0.485,15955,16822,0 days 00:17:46,0 days 00:17:56,0.4841,0.5159,0.5115,0.511,0.0531,0.1309,0.0017,0.0033
Xayah,Jinx,498,222,2.48,2.68,0.5365,0.4635,0.449,0.471,16855,17922,0 days 00:17:23,0 days 00:16:47,0.4513,0.5487,0.4769,0.5083,0.0289,0.2215,0.0009,0.0857
Jhin,Draven,202,119,2.93,2.08,0.5051,0.4949,0.486,0.444,16676,18391,0 days 00:17:20,0 days 00:17:55,0.5242,0.4758,0.511,0.4987,0.1309,0.0193,0.0033,0.0035
Sivir,Ashe,15,22,2.49,2.42,0.4739,0.5261,0.456,0.449,18702,16052,0 days 00:18:36,0 days 00:16:54,0.5012,0.4988,0.5184,0.5115,0.0371,0.0531,0.012,0.0017
Kai'Sa,Ashe,145,22,2.46,2.46,0.5271,0.4729,0.467,0.478,16963,16735,0 days 00:17:13,0 days 00:17:45,0.4806,0.5194,0.5018,0.5115,0.3738,0.0531,0.0619,0.0017
Miss Fortune,Vayne,21,67,2.5,2.13,0.5403,0.4597,0.485,0.432,19460,16645,0 days 00:18:17,0 days 00:16:30,0.5152,0.4848,0.5107,0.5094,0.0356,0.1034,0.0012,0.0528
Kog'Maw,Jinx,96,222,2.35,2.57,0.5162,0.4838,0.483,0.465,22365,17229,0 days 00:17:23,0 days 00:17:14,0.4916,0.5084,0.4997,0.5083,0.0264,0.2215,0.0025,0.0857
Draven,Caitlyn,119,51,2.2,2.54,0.4896,0.5104,0.445,0.457,17814,18028,0 days 00:16:02,0 days 00:17:36,0.4615,0.5385,0.4987,0.5039,0.0193,0.0868,0.0035,0.011
Vayne,Miss Fortune,67,21,2.13,2.5,0.4602,0.5398,0.432,0.485,16623,19448,0 days 00:16:30,0 days 00:18:16,0.4866,0.5134,0.5094,0.5107,0.1034,0.0356,0.0528,0.0012
Caitlyn,Yasuo,51,157,2.45,1.99,0.4885,0.5115,0.462,0.436,18219,16846,0 days 00:17:11,0 days 00:17:04,0.4976,0.5024,0.5039,0.4872,0.0868,0.0075,0.011,0.1144
Jinx,Swain,222,50,2.15,3.02,0.3925,0.6075,0.463,0.521,18076,20125,0 days 00:17:14,0 days 00:17:11,0.4358,0.5642,0.5083,0.5593,0.2215,0.012,0.0857,0.0096
Lucian,Samira,236,360,2.37,2.32,0.5284,0.4716,0.485,0.483,19059,18680,0 days 00:17:48,0 days 00:16:49,0.4762,0.5238,0.4691,0.4991,0.0479,0.2017,0.0429,0.6463
Caitlyn,Tahm Kench,51,223,2.33,2.81,0.4072,0.5928,0.449,0.431,19990,8795,0 days 00:17:17,0 days 00:16:30,0.478,0.522,0.5039,0.5429,0.0868,0.0098,0.011,0.0023
Xayah,Jhin,498,202,2.28,3.11,0.4862,0.5138,0.429,0.486,16748,17645,0 days 00:18:03,0 days 00:17:16,0.4665,0.5335,0.4769,0.511,0.0289,0.1309,0.0009,0.0033
Vayne,Ezreal,67,81,2.29,2.34,0.4928,0.5072,0.438,0.454,17445,21464,0 days 00:16:58,0 days 00:17:53,0.5411,0.4589,0.5094,0.4785,0.1034,0.2779,0.0528,0.0323
Samira,Jinx,360,222,2.46,2.52,0.5479,0.4521,0.482,0.493,17436,18325,0 days 00:16:37,0 days 00:16:59,0.4855,0.5145,0.4991,0.5083,0.2017,0.2215,0.6463,0.0857
Aphelios,Jinx,523,222,2.15,2.83,0.4932,0.5068,0.442,0.486,17589,17831,0 days 00:16:57,0 days 00:16:12,0.4638,0.5362,0.4687,0.5083,0.0365,0.2215,0.0039,0.0857
Caitlyn,Kai'Sa,51,145,2.33,2.72,0.4611,0.5389,0.449,0.465,17849,16869,0 days 00:18:00,0 days 00:15:40,0.5006,0.4994,0.5039,0.5018,0.0868,0.3738,0.011,0.0619
Miss Fortune,Sivir,21,15,2.29,2.72,0.5012,0.4988,0.443,0.459,17517,18765,0 days 00:16:57,0 days 00:18:05,0.4773,0.5227,0.5107,0.5184,0.0356,0.0371,0.0012,0.012
Kalista,Ezreal,429,81,2.39,2.37,0.5304,0.4696,0.462,0.455,16944,20722,0 days 00:17:30,0 days 00:16:27,0.5315,0.4685,0.5042,0.4785,0.0196,0.2779,0.0029,0.0323
Kai'Sa,Yasuo,145,157,2.66,1.98,0.5214,0.4786,0.491,0.449,18471,16976,0 days 00:16:41,0 days 00:18:00,0.5105,0.4895,0.5018,0.4872,0.3738,0.0075,0.0619,0.1144
Kai'Sa,Samira,145,360,2.49,2.47,0.4785,0.5215,0.486,0.495,17398,18532,0 days 00:16:56,0 days 00:17:24,0.4802,0.5198,0.5018,0.4991,0.3738,0.2017,0.0619,0.6463
Xayah,Kog'Maw,498,96,2.4,2.4,0.5484,0.4516,0.445,0.488,17708,23980,0 days 00:17:39,0 days 00:17:08,0.4425,0.5575,0.4769,0.4997,0.0289,0.0264,0.0009,0.0025
Ezreal,Miss Fortune,81,21,2.39,2.4,0.5013,0.4987,0.439,0.455,20891,18092,0 days 00:17:12,0 days 00:17:45,0.4839,0.5161,0.4785,0.5107,0.2779,0.0356,0.0323,0.0012
Aphelios,Yasuo,523,157,2.0,2.33,0.4829,0.5171,0.448,0.482,17615,17183,0 days 00:17:10,0 days 00:17:13,0.4421,0.5579,0.4687,0.4872,0.0365,0.0075,0.0039,0.1144
Aphelios,Kalista,523,429,2.22,2.3,0.4794,0.5206,0.464,0.47,18315,15629,0 days 00:16:34,0 days 00:16:38,0.5113,0.4887,0.4687,0.5042,0.0365,0.0196,0.0039,0.0029
Jhin,Tristana,202,18,2.81,2.4,0.4744,0.5256,0.485,0.453,16748,17351,0 days 00:16:38,0 days 00:17:51,0.4969,0.5031,0.511,0.5021,0.1309,0.0967,0.0033,0.0502
Swain,Miss Fortune,50,21,2.78,2.18,0.5752,0.4248,0.503,0.477,20386,19410,0 days 00:17:23,0 days 00:18:05,0.5443,0.4557,0.5593,0.5107,0.012,0.0356,0.0096,0.0012
Sivir,Varus,15,110,2.62,2.33,0.4589,0.5411,0.446,0.438,18361,18287,0 days 00:18:30,0 days 00:17:09,0.5325,0.4675,0.5184,0.4991,0.0371,0.0774,0.012,0.0151
Aphelios,Draven,523,119,2.02,2.43,0.4863,0.5137,0.437,0.463,16185,18083,0 days 00:16:34,0 days 00:16:33,0.4688,0.5313,0.4687,0.4987,0.0365,0.0193,0.0039,0.0035
Lucian,Jhin,236,202,2.17,3.02,0.5015,0.4985,0.442,0.49,17806,17849,0 days 00:18:06,0 days 00:17:32,0.4614,0.5386,0.4691,0.511,0.0479,0.1309,0.0429,0.0033
Senna,Draven,235,119,2.78,2.33,0.4047,0.5953,0.508,0.456,16614,19122,0 days 00:16:04,0 days 00:18:43,0.5127,0.4873,0.4795,0.4987,0.0107,0.0193,0.2869,0.0035
Xayah,Kai'Sa,498,145,2.5,2.63,0.521,0.479,0.461,0.471,17717,17577,0 days 00:17:59,0 days 00:16:38,0.4842,0.5158,0.4769,0.5018,0.0289,0.3738,0.0009,0.0619
Yasuo,Draven,157,119,1.88,2.26,0.5154,0.4846,0.434,0.472,16951,19208,0 days 00:17:41,0 days 00:16:30,0.5,0.5,0.4872,0.4987,0.0075,0.0193,0.1144,0.0035
Caitlyn,Miss Fortune,51,21,2.4,2.46,0.5061,0.4939,0.436,0.455,17388,17579,0 days 00:17:37,0 days 00:16:26,0.4958,0.5042,0.5039,0.5107,0.0868,0.0356,0.011,0.0012
Varus,Samira,110,360,2.47,2.19,0.5043,0.4957,0.488,0.455,19525,16661,0 days 00:17:31,0 days 00:17:02,0.4998,0.5002,0.4991,0.4991,0.0774,0.2017,0.0151,0.6463
Yasuo,Samira,157,360,1.86,2.57,0.4404,0.5596,0.463,0.516,17411,20269,0 days 00:17:01,0 days 00:16:46,0.4585,0.5415,0.4872,0.4991,0.0075,0.2017,0.1144,0.6463
Draven,Jhin,119,202,2.07,2.95,0.4927,0.5073,0.443,0.487,18324,16675,0 days 00:17:53,0 days 00:17:21,0.4762,0.5238,0.4987,0.511,0.0193,0.1309,0.0035,0.0033
Lucian,Varus,236,110,2.19,2.46,0.4806,0.5194,0.437,0.473,17603,20492,0 days 00:17:48,0 days 00:17:45,0.473,0.527,0.4691,0.4991,0.0479,0.0774,0.0429,0.0151
Ezreal,Jinx,81,222,2.49,2.51,0.5259,0.4741,0.451,0.458,21227,17609,0 days 00:17:02,0 days 00:17:03,0.4865,0.5135,0.4785,0.5083,0.2779,0.2215,0.0323,0.0857
Twitch,Vayne,29,67,2.68,1.95,0.5774,0.4226,0.52,0.435,21530,17404,0 days 00:18:03,0 days 00:17:25,0.5247,0.4753,0.5086,0.5094,0.0151,0.1034,0.0014,0.0528
Jinx,Caitlyn,222,51,2.61,2.51,0.4722,0.5278,0.459,0.445,17121,17598,0 days 00:15:50,0 days 00:17:23,0.5028,0.4972,0.5083,0.5039,0.2215,0.0868,0.0857,0.011
Tahm Kench,Yasuo,223,157,3.02,1.83,0.6147,0.3853,0.502,0.448,11645,16603,0 days 00:16:54,0 days 00:16:34,0.5902,0.4098,0.5429,0.4872,0.0098,0.0075,0.0023,0.1144
Ashe,Samira,22,360,2.39,2.28,0.463,0.537,0.484,0.477,16684,17502,0 days 00:17:14,0 days 00:17:11,0.5097,0.4903,0.5115,0.4991,0.0531,0.2017,0.0017,0.6463
Caitlyn,Draven,51,119,2.54,2.19,0.5103,0.4897,0.457,0.445,18021,17782,0 days 00:17:38,0 days 00:16:02,0.5402,0.4598,0.5039,0.4987,0.0868,0.0193,0.011,0.0035
Kog'Maw,Varus,96,110,2.12,2.55,0.4363,0.5637,0.458,0.472,22054,20107,0 days 00:17:29,0 days 00:18:14,0.5011,0.4989,0.4997,0.4991,0.0264,0.0774,0.0025,0.0151
Samira,Kai'Sa,360,145,2.47,2.49,0.5215,0.4785,0.495,0.486,18532,17394,0 days 00:17:24,0 days 00:16:56,0.5198,0.4802,0.4991,0.5018,0.2017,0.3738,0.6463,0.0619
Vayne,Senna,67,235,2.08,2.92,0.4862,0.5138,0.432,0.517,16961,17912,0 days 00:17:52,0 days 00:17:55,0.4812,0.5188,0.5094,0.4795,0.1034,0.0107,0.0528,0.2869
Jinx,Draven,222,119,2.53,2.31,0.4712,0.5288,0.48,0.453,17190,18250,0 days 00:16:38,0 days 00:17:01,0.5157,0.4843,0.5083,0.4987,0.2215,0.0193,0.0857,0.0035
Senna,Kog'Maw,235,96,2.68,2.37,0.5047,0.4953,0.502,0.485,15676,22930,0 days 00:17:11,0 days 00:18:40,0.4536,0.5464,0.4795,0.4997,0.0107,0.0264,0.2869,0.0025
Aphelios,Senna,523,235,2.01,3.09,0.5417,0.4583,0.437,0.521,18458,16377,0 days 00:18:26,0 days 00:15:51,0.4373,0.5627,0.4687,0.4795,0.0365,0.0107,0.0039,0.2869
Vayne,Kai'Sa,67,145,2.23,2.62,0.4589,0.5411,0.452,0.486,17292,18014,0 days 00:17:09,0 days 00:17:42,0.5096,0.4904,0.5094,0.5018,0.1034,0.3738,0.0528,0.0619
Miss Fortune,Ezreal,21,81,2.4,2.39,0.4991,0.5009,0.455,0.439,18088,20883,0 days 00:17:45,0 days 00:17:12,0.5162,0.4838,0.5107,0.4785,0.0356,0.2779,0.0012,0.0323
Yasuo,Miss Fortune,157,21,2.02,2.41,0.5383,0.4617,0.446,0.488,17409,18156,0 days 00:18:06,0 days 00:16:57,0.5079,0.4921,0.4872,0.5107,0.0075,0.0356,0.1144,0.0012
Kai'Sa,Ezreal,145,81,2.74,2.27,0.5447,0.4553,0.47,0.445,17827,20744,0 days 00:17:13,0 days 00:17:36,0.5303,0.4697,0.5018,0.4785,0.3738,0.2779,0.0619,0.0323
Yasuo,Ezreal,157,81,2.07,2.4,0.5347,0.4653,0.442,0.464,17795,21620,0 days 00:18:27,0 days 00:16:39,0.5321,0.4679,0.4872,0.4785,0.0075,0.2779,0.1144,0.0323
Jinx,Sivir,222,15,2.42,2.85,0.4733,0.5267,0.445,0.469,17043,19327,0 days 00:16:30,0 days 00:17:58,0.4836,0.5164,0.5083,0.5184,0.2215,0.0371,0.0857,0.012
Swain,Twitch,50,29,2.65,2.32,0.4787,0.5213,0.504,0.499,18887,20886,0 days 00:18:19,0 days 00:16:32,0.5821,0.4179,0.5593,0.5086,0.012,0.0151,0.0096,0.0014
Varus,Tahm Kench,110,223,2.52,2.44,0.4863,0.5137,0.486,0.431,21800,8701,0 days 00:17:52,0 days 00:17:17,0.5054,0.4946,0.4991,0.5429,0.0774,0.0098,0.0151,0.0023
Jhin,Ezreal,202,81,3.15,2.08,0.5719,0.4281,0.486,0.422,17563,20237,0 days 00:17:56,0 days 00:17:40,0.5458,0.4542,0.511,0.4785,0.1309,0.2779,0.0033,0.0323
Draven,Kalista,119,429,2.16,2.29,0.5121,0.4879,0.464,0.458,18226,15250,0 days 00:16:51,0 days 00:16:50,0.4858,0.5142,0.4987,0.5042,0.0193,0.0196,0.0035,0.0029
Kog'Maw,Lucian,96,236,2.24,2.3,0.4544,0.5456,0.472,0.462,23795,18231,0 days 00:17:40,0 days 00:18:07,0.5432,0.4568,0.4997,0.4691,0.0264,0.0479,0.0025,0.0429
Yasuo,Tristana,157,18,2.0,2.54,0.5035,0.4965,0.445,0.479,17379,17923,0 days 00:16:58,0 days 00:16:33,0.4982,0.5018,0.4872,0.5021,0.0075,0.0967,0.1144,0.0502
Senna,Ezreal,235,81,2.81,2.31,0.4716,0.5284,0.497,0.442,16254,21582,0 days 00:17:15,0 days 00:18:19,0.5124,0.4876,0.4795,0.4785,0.0107,0.2779,0.2869,0.0323
Tristana,Miss Fortune,18,21,2.46,2.34,0.5296,0.4704,0.457,0.473,17458,18521,0 days 00:17:10,0 days 00:16:37,0.4846,0.5154,0.5021,0.5107,0.0967,0.0356,0.0502,0.0012
Lucian,Aphelios,236,523,2.56,2.04,0.5716,0.4284,0.476,0.439,18624,18756,0 days 00:17:09,0 days 00:17:13,0.5015,0.4985,0.4691,0.4687,0.0479,0.0365,0.0429,0.0039
Vayne,Samira,67,360,2.2,2.42,0.4488,0.5512,0.467,0.498,17575,18513,0 days 00:16:46,0 days 00:17:35,0.5069,0.4931,0.5094,0.4991,0.1034,0.2017,0.0528,0.6463
Kog'Maw,Kalista,96,429,2.49,2.16,0.4944,0.5056,0.507,0.451,22957,15545,0 days 00:17:16,0 days 00:17:06,0.5497,0.4503,0.4997,0.5042,0.0264,0.0196,0.0025,0.0029
Varus,Ezreal,110,81,2.48,2.16,0.5581,0.4419,0.459,0.423,19711,19851,0 days 00:18:08,0 days 00:17:06,0.5194,0.4806,0.4991,0.4785,0.0774,0.2779,0.0151,0.0323
Swain,Kai'Sa,50,145,2.97,2.26,0.5673,0.4327,0.53,0.473,20992,18080,0 days 00:17:45,0 days 00:17:22,0.5676,0.4324,0.5593,0.5018,0.012,0.3738,0.0096,0.0619
Caitlyn,Ezreal,51,81,2.43,2.38,0.5104,0.4896,0.436,0.436,17780,20663,0 days 00:17:53,0 days 00:16:00,0.523,0.477,0.5039,0.4785,0.0868,0.2779,0.011,0.0323
Tahm Kench,Sivir,223,15,2.65,2.78,0.6402,0.3598,0.422,0.495,8965,21299,0 days 00:16:38,0 days 00:17:57,0.5225,0.4775,0.5429,0.5184,0.0098,0.0371,0.0023,0.012
Kai'Sa,Vayne,145,67,2.63,2.23,0.541,0.459,0.486,0.452,18033,17308,0 days 00:17:42,0 days 00:17:09,0.491,0.509,0.5018,0.5094,0.3738,0.1034,0.0619,0.0528
Vayne,Draven,67,119,2.23,2.17,0.474,0.526,0.447,0.458,16466,19162,0 days 00:16:23,0 days 00:17:51,0.5169,0.4831,0.5094,0.4987,0.1034,0.0193,0.0528,0.0035
Caitlyn,Aphelios,51,523,2.73,2.06,0.5403,0.4597,0.461,0.425,18022,16938,0 days 00:17:01,0 days 00:16:19,0.5486,0.4514,0.5039,0.4687,0.0868,0.0365,0.011,0.0039
Lucian,Tahm Kench,236,223,2.25,2.72,0.4578,0.5422,0.433,0.42,18122,9064,0 days 00:17:09,0 days 00:17:27,0.4227,0.5773,0.4691,0.5429,0.0479,0.0098,0.0429,0.0023
Vayne,Varus,67,110,2.02,2.56,0.4364,0.5636,0.42,0.48,15986,19902,0 days 00:16:30,0 days 00:18:29,0.4983,0.5017,0.5094,0.4991,0.1034,0.0774,0.0528,0.0151
Yasuo,Vayne,157,67,2.06,2.25,0.5172,0.4828,0.462,0.458,17183,18749,0 days 00:18:12,0 days 00:16:35,0.4813,0.5187,0.4872,0.5094,0.0075,0.1034,0.1144,0.0528
Swain,Vayne,50,67,2.94,2.01,0.5955,0.4045,0.53,0.443,20983,18605,0 days 00:18:10,0 days 00:17:19,0.5148,0.4852,0.5593,0.5094,0.012,0.1034,0.0096,0.0528
Ashe,Lucian,22,236,2.48,2.25,0.4652,0.5348,0.472,0.452,16997,17655,0 days 00:17:18,0 days 00:17:59,0.5416,0.4584,0.5115,0.4691,0.0531,0.0479,0.0017,0.0429
Ashe,Vayne,22,67,2.5,2.09,0.5146,0.4854,0.483,0.434,17231,16314,0 days 00:18:08,0 days 00:16:44,0.5134,0.4866,0.5115,0.5094,0.0531,0.1034,0.0017,0.0528
Miss Fortune,Xayah,21,498,2.49,2.39,0.4695,0.5305,0.464,0.44,18820,17194,0 days 00:17:12,0 days 00:17:41,0.5479,0.4521,0.5107,0.4769,0.0356,0.0289,0.0012,0.0009
Lucian,Ashe,236,22,2.25,2.48,0.5346,0.4654,0.452,0.472,17658,16997,0 days 00:17:58,0 days 00:17:18,0.4581,0.5419,0.4691,0.5115,0.0479,0.0531,0.0429,0.0017
Tahm Kench,Varus,223,110,2.44,2.52,0.5137,0.4863,0.431,0.486,8701,21800,0 days 00:17:17,0 days 00:17:52,0.4946,0.5054,0.5429,0.4991,0.0098,0.0774,0.0023,0.0151
Twitch,Jinx,29,222,2.82,2.15,0.6228,0.3772,0.512,0.452,20575,16440,0 days 00:16:58,0 days 00:17:21,0.5276,0.4724,0.5086,0.5083,0.0151,0.2215,0.0014,0.0857
Xayah,Samira,498,360,2.57,2.28,0.5403,0.4597,0.483,0.472,18644,17934,0 days 00:17:39,0 days 00:16:24,0.4892,0.5108,0.4769,0.4991,0.0289,0.2017,0.0009,0.6463
Kog'Maw,Miss Fortune,96,21,2.21,2.51,0.4902,0.5098,0.471,0.467,21693,18447,0 days 00:17:28,0 days 00:18:03,0.4733,0.5267,0.4997,0.5107,0.0264,0.0356,0.0025,0.0012
Kalista,Miss Fortune,429,21,2.17,2.5,0.5,0.5,0.446,0.486,15740,18617,0 days 00:16:53,0 days 00:16:52,0.4748,0.5252,0.5042,0.5107,0.0196,0.0356,0.0029,0.0012
Kalista,Samira,429,360,2.22,2.46,0.4875,0.5125,0.48,0.498,16456,18153,0 days 00:16:55,0 days 00:16:22,0.4829,0.5171,0.5042,0.4991,0.0196,0.2017,0.0029,0.6463
Miss Fortune,Kai'Sa,21,145,2.44,2.54,0.4806,0.5194,0.479,0.461,18649,16851,0 days 00:17:51,0 days 00:16:52,0.5112,0.4888,0.5107,0.5018,0.0356,0.3738,0.0012,0.0619
Draven,Swain,119,50,1.98,3.1,0.4469,0.5531,0.445,0.529,19855,20558,0 days 00:17:33,0 days 00:16:39,0.3873,0.6127,0.4987,0.5593,0.0193,0.012,0.0035,0.0096
Tristana,Kai'Sa,18,145,2.47,2.58,0.4935,0.5065,0.467,0.478,17372,17381,0 days 00:17:36,0 days 00:16:15,0.4982,0.5018,0.5021,0.5018,0.0967,0.3738,0.0502,0.0619
Draven,Varus,119,110,2.1,2.52,0.4879,0.5121,0.437,0.475,18135,19755,0 days 00:17:15,0 days 00:17:42,0.4813,0.5187,0.4987,0.4991,0.0193,0.0774,0.0035,0.0151
Swain,Senna,50,235,3.23,2.15,0.682,0.318,0.529,0.45,19816,13676,0 days 00:17:34,0 days 00:17:25,0.5182,0.4818,0.5593,0.4795,0.012,0.0107,0.0096,0.2869
Tristana,Tahm Kench,18,223,2.44,2.93,0.3435,0.6565,0.449,0.454,17862,9419,0 days 00:16:18,0 days 00:17:21,0.4727,0.5273,0.5021,0.5429,0.0967,0.0098,0.0502,0.0023
Draven,Xayah,119,498,2.21,2.58,0.4898,0.5102,0.448,0.445,18188,17045,0 days 00:17:13,0 days 00:17:13,0.4903,0.5097,0.4987,0.4769,0.0193,0.0289,0.0035,0.0009
Kog'Maw,Sivir,96,15,2.15,2.71,0.4963,0.5037,0.445,0.462,21692,19333,0 days 00:17:10,0 days 00:18:25,0.4782,0.5218,0.4997,0.5184,0.0264,0.0371,0.0025,0.012
Miss Fortune,Kalista,21,429,2.5,2.17,0.5,0.5,0.486,0.446,18617,15740,0 days 00:16:52,0 days 00:16:53,0.5252,0.4748,0.5107,0.5042,0.0356,0.0196,0.0012,0.0029
Swain,Aphelios,50,523,2.93,1.91,0.6012,0.3988,0.507,0.41,19468,18062,0 days 00:17:02,0 days 00:18:13,0.5227,0.4773,0.5593,0.4687,0.012,0.0365,0.0096,0.0039
Jhin,Ashe,202,22,2.93,2.26,0.5411,0.4589,0.485,0.453,16825,15962,0 days 00:17:56,0 days 00:17:46,0.5158,0.4842,0.511,0.5115,0.1309,0.0531,0.0033,0.0017
Yasuo,Varus,157,110,1.96,2.49,0.5427,0.4573,0.433,0.494,16896,19657,0 days 00:18:26,0 days 00:16:57,0.5319,0.4681,0.4872,0.4991,0.0075,0.0774,0.1144,0.0151
Xayah,Ezreal,498,81,2.46,2.42,0.5332,0.4668,0.44,0.448,17618,21846,0 days 00:17:52,0 days 00:16:58,0.4922,0.5078,0.4769,0.4785,0.0289,0.2779,0.0009,0.0323
Sivir,Yasuo,15,157,2.6,2.0,0.4973,0.5027,0.475,0.432,19471,16933,0 days 00:17:08,0 days 00:17:35,0.4784,0.5216,0.5184,0.4872,0.0371,0.0075,0.012,0.1144
Caitlyn,Varus,51,110,2.19,2.58,0.4373,0.5627,0.42,0.464,16694,19512,0 days 00:17:35,0 days 00:16:55,0.4955,0.5045,0.5039,0.4991,0.0868,0.0774,0.011,0.0151
Ezreal,Xayah,81,498,2.43,2.45,0.4676,0.5324,0.448,0.439,21837,17614,0 days 00:16:58,0 days 00:17:52,0.5091,0.4909,0.4785,0.4769,0.2779,0.0289,0.0323,0.0009
Ashe,Kog'Maw,22,96,2.47,2.15,0.5085,0.4915,0.473,0.471,16486,21981,0 days 00:17:54,0 days 00:17:36,0.5004,0.4996,0.5115,0.4997,0.0531,0.0264,0.0017,0.0025
Kog'Maw,Yasuo,96,157,2.25,2.29,0.4172,0.5828,0.48,0.491,21496,18574,0 days 00:16:36,0 days 00:18:18,0.4759,0.5241,0.4997,0.4872,0.0264,0.0075,0.0025,0.1144
Miss Fortune,Jinx,21,222,2.52,2.47,0.5286,0.4714,0.472,0.457,18312,17067,0 days 00:17:13,0 days 00:16:46,0.5009,0.4991,0.5107,0.5083,0.0356,0.2215,0.0012,0.0857
Kai'Sa,Ezreal,145,81,2.74,2.27,0.5447,0.4553,0.47,0.445,17823,20736,0 days 00:17:13,0 days 00:17:36,0.5304,0.4696,0.5018,0.4785,0.3738,0.2779,0.0619,0.0323
Lucian,Swain,236,50,2.14,2.8,0.4995,0.5005,0.465,0.518,19322,20741,0 days 00:18:15,0 days 00:17:21,0.4235,0.5765,0.4691,0.5593,0.0479,0.012,0.0429,0.0096
Samira,Vayne,360,67,2.42,2.2,0.5517,0.4483,0.498,0.467,18513,17569,0 days 00:17:34,0 days 00:16:46,0.4932,0.5068,0.4991,0.5094,0.2017,0.1034,0.6463,0.0528
Kai'Sa,Varus,145,110,2.46,2.45,0.4855,0.5145,0.459,0.476,16652,19295,0 days 00:16:58,0 days 00:17:57,0.4995,0.5005,0.5018,0.4991,0.3738,0.0774,0.0619,0.0151
Kalista,Jinx,429,222,2.41,2.58,0.5374,0.4626,0.469,0.486,15910,17872,0 days 00:16:33,0 days 00:16:13,0.4877,0.5123,0.5042,0.5083,0.0196,0.2215,0.0029,0.0857
Aphelios,Kai'Sa,523,145,2.07,2.88,0.4519,0.5481,0.449,0.488,18002,17213,0 days 00:17:39,0 days 00:16:11,0.4771,0.5229,0.4687,0.5018,0.0365,0.3738,0.0039,0.0619
Samira,Xayah,360,498,2.27,2.57,0.4605,0.5395,0.472,0.482,17908,18648,0 days 00:16:24,0 days 00:17:40,0.5107,0.4893,0.4991,0.4769,0.2017,0.0289,0.6463,0.0009
Lucian,Draven,236,119,2.51,2.08,0.5584,0.4416,0.471,0.453,17872,19132,0 days 00:17:49,0 days 00:17:11,0.5351,0.4649,0.4691,0.4987,0.0479,0.0193,0.0429,0.0035
Sivir,Jinx,15,222,2.85,2.42,0.5266,0.4734,0.469,0.445,19327,17036,0 days 00:17:58,0 days 00:16:30,0.5162,0.4838,0.5184,0.5083,0.0371,0.2215,0.012,0.0857
Miss Fortune,Caitlyn,21,51,2.46,2.4,0.4926,0.5074,0.456,0.436,17555,17390,0 days 00:16:26,0 days 00:17:37,0.504,0.496,0.5107,0.5039,0.0356,0.0868,0.0012,0.011
Vayne,Twitch,67,29,1.95,2.68,0.4235,0.5765,0.435,0.52,17403,21516,0 days 00:17:25,0 days 00:18:03,0.4748,0.5252,0.5094,0.5086,0.1034,0.0151,0.0528,0.0014
Tristana,Samira,18,360,2.41,2.4,0.4793,0.5207,0.478,0.488,17224,18185,0 days 00:17:04,0 days 00:16:24,0.4915,0.5085,0.5021,0.4991,0.0967,0.2017,0.0502,0.6463
Ashe,Yasuo,22,157,2.42,1.97,0.4487,0.5513,0.484,0.435,16391,16811,0 days 00:16:35,0 days 00:17:56,0.5076,0.4924,0.5115,0.4872,0.0531,0.0075,0.0017,0.1144
Ashe,Ezreal,22,81,2.49,2.24,0.4991,0.5009,0.464,0.439,16526,20902,0 days 00:17:35,0 days 00:17:39,0.5267,0.4733,0.5115,0.4785,0.0531,0.2779,0.0017,0.0323
Kog'Maw,Ashe,96,22,2.15,2.47,0.4911,0.5089,0.471,0.473,21991,16500,0 days 00:17:36,0 days 00:17:55,0.4986,0.5014,0.4997,0.5115,0.0264,0.0531,0.0025,0.0017
Kalista,Lucian,429,236,2.31,2.47,0.488,0.512,0.476,0.478,17258,19226,0 days 00:17:22,0 days 00:17:20,0.4972,0.5028,0.5042,0.4691,0.0196,0.0479,0.0029,0.0429
Tahm Kench,Lucian,223,236,2.73,2.25,0.5466,0.4534,0.42,0.434,9061,18114,0 days 00:17:26,0 days 00:17:12,0.5766,0.4234,0.5429,0.4691,0.0098,0.0479,0.0023,0.0429
Tristana,Kai'Sa,18,145,2.47,2.58,0.4935,0.5065,0.467,0.478,17372,17381,0 days 00:17:36,0 days 00:16:15,0.4982,0.5018,0.5021,0.5018,0.0967,0.3738,0.0502,0.0619
Varus,Yasuo,110,157,2.5,1.96,0.4643,0.5357,0.494,0.433,19820,16960,0 days 00:17:01,0 days 00:18:30,0.4649,0.5351,0.4991,0.4872,0.0774,0.0075,0.0151,0.1144
Yasuo,Ezreal,157,81,2.07,2.4,0.5347,0.4653,0.442,0.464,17795,21620,0 days 00:18:27,0 days 00:16:39,0.5321,0.4679,0.4872,0.4785,0.0075,0.2779,0.1144,0.0323
Tahm Kench,Vayne,223,67,2.77,2.12,0.6017,0.3983,0.454,0.442,8787,17692,0 days 00:18:26,0 days 00:16:04,0.5427,0.4573,0.5429,0.5094,0.0098,0.1034,0.0023,0.0528
Senna,Yasuo,235,157,3.01,1.7,0.5107,0.4893,0.543,0.437,19631,16423,0 days 00:16:59,0 days 00:18:47,0.5432,0.4568,0.4795,0.4872,0.0107,0.0075,0.2869,0.1144
Kai'Sa,Aphelios,145,523,2.88,2.07,0.5467,0.4533,0.488,0.449,17193,17997,0 days 00:16:10,0 days 00:17:38,0.5238,0.4762,0.5018,0.4687,0.3738,0.0365,0.0619,0.0039
Aphelios,Ashe,523,22,1.91,2.76,0.4644,0.5356,0.422,0.488,16719,16545,0 days 00:17:28,0 days 00:16:41,0.4375,0.5625,0.4687,0.5115,0.0365,0.0531,0.0039,0.0017
Aphelios,Miss Fortune,523,21,1.94,2.76,0.4334,0.5666,0.429,0.488,17279,18955,0 days 00:16:59,0 days 00:17:04,0.4482,0.5518,0.4687,0.5107,0.0365,0.0356,0.0039,0.0012
Kai'Sa,Swain,145,50,2.27,2.96,0.4325,0.5675,0.472,0.53,18074,20974,0 days 00:17:22,0 days 00:17:44,0.4346,0.5654,0.5018,0.5593,0.3738,0.012,0.0619,0.0096
Draven,Samira,119,360,2.02,2.57,0.4528,0.5472,0.445,0.494,17348,18099,0 days 00:16:52,0 days 00:17:03,0.4413,0.5587,0.4987,0.4991,0.0193,0.2017,0.0035,0.6463
Lucian,Yasuo,236,157,2.46,1.91,0.5132,0.4868,0.477,0.441,19515,17443,0 days 00:17:12,0 days 00:17:37,0.5081,0.4919,0.4691,0.4872,0.0479,0.0075,0.0429,0.1144
Samira,Ashe,360,22,2.28,2.39,0.537,0.463,0.477,0.484,17502,16684,0 days 00:17:11,0 days 00:17:14,0.4903,0.5097,0.4991,0.5115,0.2017,0.0531,0.6463,0.0017
Caitlyn,Ezreal,51,81,2.43,2.38,0.5109,0.4891,0.435,0.436,17784,20667,0 days 00:17:52,0 days 00:16:00,0.5228,0.4772,0.5039,0.4785,0.0868,0.2779,0.011,0.0323
Jinx,Kalista,222,429,2.57,2.42,0.4628,0.5372,0.485,0.469,17844,15896,0 days 00:16:12,0 days 00:16:34,0.5125,0.4875,0.5083,0.5042,0.2215,0.0196,0.0857,0.0029
Tristana,Vayne,18,67,2.54,2.2,0.5379,0.4621,0.478,0.449,18262,16967,0 days 00:17:58,0 days 00:15:52,0.5011,0.4989,0.5021,0.5094,0.0967,0.1034,0.0502,0.0528
Swain,Samira,50,360,2.98,2.07,0.5491,0.4509,0.55,0.478,21256,18613,0 days 00:17:24,0 days 00:17:20,0.5697,0.4303,0.5593,0.4991,0.012,0.2017,0.0096,0.6463
Xayah,Sivir,498,15,2.36,2.75,0.5437,0.4563,0.429,0.467,17797,20405,0 days 00:17:19,0 days 00:17:36,0.4565,0.5435,0.4769,0.5184,0.0289,0.0371,0.0009,0.012
Caitlyn,Xayah,51,498,2.48,2.43,0.4859,0.5141,0.441,0.432,17746,16163,0 days 00:17:28,0 days 00:16:18,0.5289,0.4711,0.5039,0.4769,0.0868,0.0289,0.011,0.0009
Twitch,Jhin,29,202,2.51,2.61,0.5512,0.4488,0.49,0.48,20277,16440,0 days 00:17:31,0 days 00:18:02,0.5128,0.4872,0.5086,0.511,0.0151,0.1309,0.0014,0.0033
Sivir,Kalista,15,429,2.7,2.26,0.4632,0.5368,0.465,0.458,18666,16531,0 days 00:17:21,0 days 00:17:01,0.4958,0.5042,0.5184,0.5042,0.0371,0.0196,0.012,0.0029
Samira,Kog'Maw,360,96,2.34,2.31,0.5233,0.4767,0.482,0.507,17987,23527,0 days 00:17:12,0 days 00:17:36,0.4876,0.5124,0.4991,0.4997,0.2017,0.0264,0.6463,0.0025
Caitlyn,Ashe,51,22,2.25,2.59,0.4982,0.5018,0.436,0.466,17094,16089,0 days 00:17:58,0 days 00:16:23,0.4841,0.5159,0.5039,0.5115,0.0868,0.0531,0.011,0.0017
Tahm Kench,Twitch,223,29,2.89,2.43,0.4667,0.5333,0.461,0.513,8957,19777,0 days 00:17:19,0 days 00:16:07,0.5909,0.4091,0.5429,0.5086,0.0098,0.0151,0.0023,0.0014
Miss Fortune,Kai'Sa,21,145,2.43,2.54,0.4803,0.5197,0.479,0.461,18646,16852,0 days 00:17:51,0 days 00:16:52,0.5104,0.4896,0.5107,0.5018,0.0356,0.3738,0.0012,0.0619
Lucian,Kog'Maw,236,96,2.3,2.24,0.5457,0.4543,0.462,0.472,18232,23801,0 days 00:18:07,0 days 00:17:40,0.4573,0.5427,0.4691,0.4997,0.0479,0.0264,0.0429,0.0025
Yasuo,Lucian,157,236,1.91,2.45,0.4879,0.5121,0.441,0.476,17347,19469,0 days 00:17:39,0 days 00:17:12,0.4887,0.5113,0.4872,0.4691,0.0075,0.0479,0.1144,0.0429
Lucian,Senna,236,235,2.48,2.61,0.5838,0.4162,0.458,0.512,18749,16661,0 days 00:18:39,0 days 00:16:43,0.5165,0.4835,0.4691,0.4795,0.0479,0.0107,0.0429,0.2869
Ezreal,Jhin,81,202,2.08,3.15,0.428,0.572,0.422,0.486,20239,17565,0 days 00:17:40,0 days 00:17:56,0.4541,0.5459,0.4785,0.511,0.2779,0.1309,0.0323,0.0033
Sivir,Caitlyn,15,51,2.85,2.26,0.5195,0.4805,0.46,0.417,19167,16848,0 days 00:17:29,0 days 00:17:08,0.5196,0.4804,0.5184,0.5039,0.0371,0.0868,0.012,0.011
Jhin,Lucian,202,236,3.02,2.17,0.4994,0.5006,0.49,0.442,17836,17785,0 days 00:17:32,0 days 00:18:06,0.5391,0.4609,0.511,0.4691,0.1309,0.0479,0.0033,0.0429
Ashe,Draven,22,119,2.49,2.14,0.497,0.503,0.478,0.444,16206,17732,0 days 00:17:10,0 days 00:17:25,0.5141,0.4859,0.5115,0.4987,0.0531,0.0193,0.0017,0.0035
Kai'Sa,Draven,145,119,2.61,2.24,0.5148,0.4852,0.481,0.452,16853,18149,0 days 00:16:36,0 days 00:17:27,0.4979,0.5021,0.5018,0.4987,0.3738,0.0193,0.0619,0.0035
Lucian,Jinx,236,222,2.5,2.51,0.5666,0.4334,0.465,0.473,18389,18559,0 days 00:17:39,0 days 00:16:56,0.4643,0.5357,0.4691,0.5083,0.0479,0.2215,0.0429,0.0857
Kog'Maw,Samira,96,360,2.31,2.35,0.4766,0.5234,0.507,0.482,23555,18010,0 days 00:17:35,0 days 00:17:13,0.5119,0.4881,0.4997,0.4991,0.0264,0.2017,0.0025,0.6463
Ezreal,Aphelios,81,523,2.61,2.05,0.515,0.485,0.457,0.432,21165,17647,0 days 00:16:31,0 days 00:17:32,0.5249,0.4751,0.4785,0.4687,0.2779,0.0365,0.0323,0.0039
Tahm Kench,Kai'Sa,223,145,2.75,2.49,0.5743,0.4257,0.439,0.465,8940,17524,0 days 00:17:46,0 days 00:16:24,0.5521,0.4479,0.5429,0.5018,0.0098,0.3738,0.0023,0.0619
Samira,Swain,360,50,2.06,2.98,0.4506,0.5494,0.478,0.55,18569,21258,0 days 00:17:19,0 days 00:17:25,0.4265,0.5735,0.4991,0.5593,0.2017,0.012,0.6463,0.0096
Swain,Xayah,50,498,3.05,2.07,0.556,0.444,0.535,0.441,22441,19378,0 days 00:17:35,0 days 00:18:28,0.5851,0.4149,0.5593,0.4769,0.012,0.0289,0.0096,0.0009
Twitch,Xayah,29,498,2.43,2.24,0.5161,0.4839,0.48,0.456,19408,16959,0 days 00:16:54,0 days 00:17:51,0.5516,0.4484,0.5086,0.4769,0.0151,0.0289,0.0014,0.0009
Kai'Sa,Tristana,145,18,2.57,2.47,0.5065,0.4935,0.477,0.467,17395,17379,0 days 00:16:15,0 days 00:17:36,0.5019,0.4981,0.5018,0.5021,0.3738,0.0967,0.0619,0.0502
Kog'Maw,Vayne,96,67,2.3,2.21,0.5137,0.4863,0.491,0.44,22995,16299,0 days 00:18:22,0 days 00:16:48,0.5048,0.4952,0.4997,0.5094,0.0264,0.1034,0.0025,0.0528
Ashe,Twitch,22,29,2.09,2.58,0.3987,0.6013,0.449,0.497,15275,19924,0 days 00:17:35,0 days 00:17:33,0.4704,0.5296,0.5115,0.5086,0.0531,0.0151,0.0017,0.0014
Swain,Draven,50,119,3.1,1.98,0.5514,0.4486,0.53,0.447,20574,19877,0 days 00:16:39,0 days 00:17:35,0.6154,0.3846,0.5593,0.4987,0.012,0.0193,0.0096,0.0035
Varus,Jhin,110,202,2.27,2.93,0.4969,0.5031,0.453,0.478,19082,16592,0 days 00:18:20,0 days 00:17:39,0.4717,0.5283,0.4991,0.511,0.0774,0.1309,0.0151,0.0033
Tahm Kench,Xayah,223,498,3.16,2.29,0.59,0.41,0.477,0.438,9871,19444,0 days 00:17:32,0 days 00:17:28,0.5922,0.4078,0.5429,0.4769,0.0098,0.0289,0.0023,0.0009
Jhin,Varus,202,110,2.93,2.27,0.5031,0.4969,0.478,0.453,16595,19073,0 days 00:17:39,0 days 00:18:19,0.5285,0.4715,0.511,0.4991,0.1309,0.0774,0.0033,0.0151
Kog'Maw,Jhin,96,202,2.06,3.19,0.4305,0.5695,0.453,0.491,22200,17782,0 days 00:18:04,0 days 00:18:05,0.4619,0.5381,0.4997,0.511,0.0264,0.1309,0.0025,0.0033
Aphelios,Ezreal,523,81,2.05,2.61,0.484,0.516,0.433,0.457,17645,21159,0 days 00:17:32,0 days 00:16:32,0.4743,0.5257,0.4687,0.4785,0.0365,0.2779,0.0039,0.0323
Draven,Tahm Kench,119,223,1.97,2.96,0.2897,0.7103,0.46,0.491,20701,10076,0 days 00:16:51,0 days 00:17:09,0.3667,0.6333,0.4987,0.5429,0.0193,0.0098,0.0035,0.0023
Vayne,Yasuo,67,157,2.25,2.07,0.4845,0.5155,0.458,0.463,18814,17336,0 days 00:16:37,0 days 00:18:17,0.5153,0.4847,0.5094,0.4872,0.1034,0.0075,0.0528,0.1144
Caitlyn,Vayne,51,67,2.41,2.24,0.5094,0.4906,0.459,0.433,18841,16385,0 days 00:18:22,0 days 00:15:07,0.5041,0.4959,0.5039,0.5094,0.0868,0.1034,0.011,0.0528
Jhin,Ezreal,202,81,3.15,2.08,0.5719,0.4281,0.486,0.422,17563,20237,0 days 00:17:56,0 days 00:17:40,0.5458,0.4542,0.511,0.4785,0.1309,0.2779,0.0033,0.0323
Tristana,Ashe,18,22,2.49,2.33,0.5627,0.4373,0.468,0.471,17515,16391,0 days 00:17:39,0 days 00:16:34,0.5048,0.4952,0.5021,0.5115,0.0967,0.0531,0.0502,0.0017
Yasuo,Kog'Maw,157,96,2.29,2.24,0.5819,0.4181,0.491,0.479,18563,21507,0 days 00:18:12,0 days 00:16:36,0.5326,0.4674,0.4872,0.4997,0.0075,0.0264,0.1144,0.0025
Kalista,Caitlyn,429,51,2.25,2.5,0.5169,0.4831,0.447,0.469,15653,18085,0 days 00:16:08,0 days 00:17:11,0.4728,0.5272,0.5042,0.5039,0.0196,0.0868,0.0029,0.011
Tristana,Caitlyn,18,51,2.56,2.27,0.5415,0.4585,0.458,0.444,17139,17630,0 days 00:16:05,0 days 00:16:50,0.5029,0.4971,0.5021,0.5039,0.0967,0.0868,0.0502,0.011
Caitlyn,Lucian,51,236,2.35,2.44,0.4668,0.5332,0.447,0.452,18644,17710,0 days 00:17:34,0 days 00:16:38,0.5203,0.4797,0.5039,0.4691,0.0868,0.0479,0.011,0.0429
Ashe,Jinx,22,222,2.63,2.33,0.5349,0.4651,0.478,0.461,16550,16918,0 days 00:17:11,0 days 00:17:10,0.5145,0.4855,0.5115,0.5083,0.0531,0.2215,0.0017,0.0857
Jhin,Vayne,202,67,2.98,2.11,0.5454,0.4546,0.499,0.433,17813,17111,0 days 00:18:16,0 days 00:17:10,0.4981,0.5019,0.511,0.5094,0.1309,0.1034,0.0033,0.0528
Jinx,Tahm Kench,222,223,2.33,2.93,0.3736,0.6264,0.462,0.451,18855,8763,0 days 00:16:39,0 days 00:16:53,0.4714,0.5286,0.5083,0.5429,0.2215,0.0098,0.0857,0.0023
Caitlyn,Jhin,51,202,2.16,3.19,0.4399,0.5601,0.424,0.487,17169,17111,0 days 00:17:59,0 days 00:16:41,0.4816,0.5184,0.5039,0.511,0.0868,0.1309,0.011,0.0033
Kalista,Tristana,429,18,2.15,2.69,0.4658,0.5342,0.465,0.495,15834,18282,0 days 00:16:12,0 days 00:16:37,0.4813,0.5187,0.5042,0.5021,0.0196,0.0967,0.0029,0.0502
Twitch,Tristana,29,18,2.46,2.39,0.5155,0.4845,0.506,0.459,19853,17350,0 days 00:16:12,0 days 00:18:01,0.4771,0.5229,0.5086,0.5021,0.0151,0.0967,0.0014,0.0502
Ezreal,Twitch,81,29,2.02,2.71,0.4262,0.5738,0.43,0.499,19913,20705,0 days 00:17:44,0 days 00:17:23,0.4447,0.5553,0.4785,0.5086,0.2779,0.0151,0.0323,0.0014
Miss Fortune,Kog'Maw,21,96,2.51,2.21,0.5098,0.4902,0.466,0.471,18438,21683,0 days 00:18:03,0 days 00:17:28,0.5271,0.4729,0.5107,0.4997,0.0356,0.0264,0.0012,0.0025
Kalista,Xayah,429,498,2.43,2.58,0.4734,0.5266,0.476,0.479,17647,18671,0 days 00:17:04,0 days 00:16:53,0.5248,0.4752,0.5042,0.4769,0.0196,0.0289,0.0029,0.0009
Vayne,Tristana,67,18,2.2,2.54,0.462,0.538,0.449,0.478,16972,18236,0 days 00:15:52,0 days 00:17:57,0.4996,0.5004,0.5094,0.5021,0.1034,0.0967,0.0528,0.0502
Tahm Kench,Ezreal,223,81,2.68,2.37,0.5415,0.4585,0.419,0.447,8732,22926,0 days 00:17:39,0 days 00:17:13,0.5237,0.4763,0.5429,0.4785,0.0098,0.2779,0.0023,0.0323
Samira,Yasuo,360,157,2.57,1.86,0.5594,0.4406,0.516,0.463,20273,17418,0 days 00:16:46,0 days 00:17:01,0.5409,0.4591,0.4991,0.4872,0.2017,0.0075,0.6463,0.1144
Kalista,Sivir,429,15,2.25,2.71,0.5372,0.4628,0.458,0.465,16546,18684,0 days 00:17:01,0 days 00:17:22,0.5007,0.4993,0.5042,0.5184,0.0196,0.0371,0.0029,0.012
Twitch,Ezreal,29,81,2.71,2.02,0.5741,0.4259,0.499,0.43,20693,19905,0 days 00:17:23,0 days 00:17:44,0.5551,0.4449,0.5086,0.4785,0.0151,0.2779,0.0014,0.0323
Samira,Aphelios,360,523,2.73,1.91,0.5759,0.4241,0.502,0.448,18089,17404,0 days 00:16:25,0 days 00:16:56,0.5708,0.4292,0.4991,0.4687,0.2017,0.0365,0.6463,0.0039
Samira,Twitch,360,29,2.18,2.55,0.4738,0.5262,0.468,0.522,17327,19563,0 days 00:17:34,0 days 00:17:08,0.4948,0.5052,0.4991,0.5086,0.2017,0.0151,0.6463,0.0014
Varus,Twitch,110,29,2.17,2.48,0.4522,0.5478,0.458,0.505,19038,21254,0 days 00:18:40,0 days 00:17:36,0.4884,0.5116,0.4991,0.5086,0.0774,0.0151,0.0151,0.0014
Xayah,Twitch,498,29,2.24,2.44,0.483,0.517,0.457,0.479,16849,19364,0 days 00:17:45,0 days 00:16:50,0.446,0.554,0.4769,0.5086,0.0289,0.0151,0.0009,0.0014
Tristana,Varus,18,110,2.42,2.34,0.5174,0.4826,0.452,0.467,17169,19125,0 days 00:17:21,0 days 00:16:48,0.5146,0.4854,0.5021,0.4991,0.0967,0.0774,0.0502,0.0151
Jhin,Senna,202,235,3.14,2.53,0.6113,0.3887,0.486,0.479,17714,16012,0 days 00:19:10,0 days 00:17:13,0.557,0.443,0.511,0.4795,0.1309,0.0107,0.0033,0.2869
Tahm Kench,Ashe,223,22,2.5,2.49,0.6405,0.3595,0.453,0.474,9252,19168,0 days 00:18:01,0 days 00:17:11,0.4855,0.5145,0.5429,0.5115,0.0098,0.0531,0.0023,0.0017
Varus,Jinx,110,222,2.66,2.32,0.5878,0.4122,0.478,0.446,19319,16256,0 days 00:17:28,0 days 00:16:46,0.5054,0.4946,0.4991,0.5083,0.0774,0.2215,0.0151,0.0857
Yasuo,Caitlyn,157,51,1.99,2.45,0.5104,0.4896,0.435,0.462,16850,18255,0 days 00:17:03,0 days 00:17:11,0.5025,0.4975,0.4872,0.5039,0.0075,0.0868,0.1144,0.011
Sivir,Jhin,15,202,2.46,2.98,0.4412,0.5588,0.438,0.472,18200,16628,0 days 00:18:43,0 days 00:17:13,0.5083,0.4917,0.5184,0.511,0.0371,0.1309,0.012,0.0033
Miss Fortune,Varus,21,110,2.28,2.46,0.4545,0.5455,0.446,0.466,17667,19545,0 days 00:17:36,0 days 00:17:48,0.5239,0.4761,0.5107,0.4991,0.0356,0.0774,0.0012,0.0151
Tristana,Jinx,18,222,2.69,2.39,0.5636,0.4364,0.471,0.47,17458,17360,0 days 00:17:02,0 days 00:16:10,0.5072,0.4928,0.5021,0.5083,0.0967,0.2215,0.0502,0.0857
Lucian,Ezreal,236,81,2.4,2.32,0.5405,0.4595,0.45,0.442,18428,21852,0 days 00:18:11,0 days 00:17:07,0.5002,0.4998,0.4691,0.4785,0.0479,0.2779,0.0429,0.0323
Sivir,Tristana,15,18,2.64,2.45,0.4631,0.5369,0.472,0.445,19177,17041,0 days 00:17:20,0 days 00:16:45,0.5226,0.4774,0.5184,0.5021,0.0371,0.0967,0.012,0.0502
Varus,Lucian,110,236,2.46,2.19,0.519,0.481,0.473,0.437,20474,17587,0 days 00:17:46,0 days 00:17:49,0.526,0.474,0.4991,0.4691,0.0774,0.0479,0.0151,0.0429
Jhin,Twitch,202,29,2.61,2.51,0.4489,0.5511,0.479,0.49,16410,20274,0 days 00:18:01,0 days 00:17:31,0.4871,0.5129,0.511,0.5086,0.1309,0.0151,0.0033,0.0014
Tristana,Kalista,18,429,2.7,2.14,0.534,0.466,0.495,0.464,18266,15810,0 days 00:16:36,0 days 00:16:13,0.5192,0.4808,0.5021,0.5042,0.0967,0.0196,0.0502,0.0029
Kalista,Kai'Sa,429,145,2.27,2.71,0.4786,0.5214,0.466,0.491,15980,17386,0 days 00:17:24,0 days 00:16:25,0.4952,0.5048,0.5042,0.5018,0.0196,0.3738,0.0029,0.0619
Jinx,Lucian,222,236,2.51,2.5,0.4341,0.5659,0.473,0.465,18551,18366,0 days 00:16:56,0 days 00:17:38,0.5355,0.4645,0.5083,0.4691,0.2215,0.0479,0.0857,0.0429
Ezreal,Vayne,81,67,2.34,2.29,0.5067,0.4933,0.454,0.439,21459,17444,0 days 00:17:53,0 days 00:16:58,0.4588,0.5412,0.4785,0.5094,0.2779,0.1034,0.0323,0.0528
Xayah,Tristana,498,18,2.47,2.46,0.5291,0.4709,0.446,0.459,17390,17398,0 days 00:16:55,0 days 00:16:49,0.4908,0.5092,0.4769,0.5021,0.0289,0.0967,0.0009,0.0502
Draven,Miss Fortune,119,21,2.18,2.41,0.5282,0.4718,0.445,0.476,18651,18646,0 days 00:17:03,0 days 00:17:23,0.4756,0.5244,0.4987,0.5107,0.0193,0.0356,0.0035,0.0012
Aphelios,Swain,523,50,1.89,2.95,0.3959,0.6041,0.409,0.509,17904,19450,0 days 00:18:11,0 days 00:17:05,0.4747,0.5253,0.4687,0.5593,0.0365,0.012,0.0039,0.0096
Draven,Sivir,119,15,2.1,2.76,0.4877,0.5123,0.43,0.468,18142,18831,0 days 00:16:47,0 days 00:17:26,0.4737,0.5263,0.4987,0.5184,0.0193,0.0371,0.0035,0.012
Ezreal,Kai'Sa,81,145,2.27,2.74,0.4552,0.5448,0.445,0.471,20747,17829,0 days 00:17:36,0 days 00:17:13,0.4696,0.5304,0.4785,0.5018,0.2779,0.3738,0.0323,0.0619
Jinx,Kai'Sa,222,145,2.52,2.78,0.4466,0.5534,0.475,0.477,17692,17026,0 days 00:17:19,0 days 00:16:40,0.5083,0.4917,0.5083,0.5018,0.2215,0.3738,0.0857,0.0619
Twitch,Kog'Maw,29,96,2.46,2.05,0.564,0.436,0.497,0.465,19812,21285,0 days 00:17:24,0 days 00:18:00,0.4904,0.5096,0.5086,0.4997,0.0151,0.0264,0.0014,0.0025
Vayne,Swain,67,50,2.01,2.94,0.4043,0.5957,0.443,0.53,18608,20996,0 days 00:17:20,0 days 00:18:10,0.4841,0.5159,0.5094,0.5593,0.1034,0.012,0.0528,0.0096
Lucian,Kai'Sa,236,145,2.35,2.61,0.5097,0.4903,0.467,0.479,18671,18200,0 days 00:18:12,0 days 00:16:57,0.4731,0.5269,0.4691,0.5018,0.0479,0.3738,0.0429,0.0619
Kog'Maw,Aphelios,96,523,2.54,1.96,0.5301,0.4699,0.506,0.435,22421,16784,0 days 00:16:57,0 days 00:17:45,0.5603,0.4397,0.4997,0.4687,0.0264,0.0365,0.0025,0.0039
Varus,Senna,110,235,2.53,2.55,0.5937,0.4063,0.47,0.475,19912,14990,0 days 00:18:58,0 days 00:16:55,0.5069,0.4931,0.4991,0.4795,0.0774,0.0107,0.0151,0.2869
Jhin,Jinx,202,222,3.2,2.33,0.5685,0.4315,0.494,0.452,17108,17209,0 days 00:17:21,0 days 00:17:20,0.513,0.487,0.511,0.5083,0.1309,0.2215,0.0033,0.0857
Jinx,Jhin,222,202,2.33,3.2,0.4314,0.5686,0.452,0.494,17211,17110,0 days 00:17:20,0 days 00:17:21,0.4869,0.5131,0.5083,0.511,0.2215,0.1309,0.0857,0.0033
Swain,Kai'Sa,50,145,2.96,2.27,0.5678,0.4322,0.53,0.472,20983,18078,0 days 00:17:44,0 days 00:17:22,0.5649,0.4351,0.5593,0.5018,0.012,0.3738,0.0096,0.0619
Kai'Sa,Senna,145,235,2.64,2.72,0.5845,0.4155,0.47,0.506,17803,16622,0 days 00:18:03,0 days 00:17:16,0.5036,0.4964,0.5018,0.4795,0.3738,0.0107,0.0619,0.2869
Xayah,Caitlyn,498,51,2.43,2.48,0.515,0.485,0.434,0.44,16194,17749,0 days 00:16:18,0 days 00:17:29,0.4695,0.5305,0.4769,0.5039,0.0289,0.0868,0.0009,0.011
Yasuo,Swain,157,50,1.74,3.24,0.4229,0.5771,0.448,0.552,17800,25193,0 days 00:17:39,0 days 00:17:44,0.419,0.581,0.4872,0.5593,0.0075,0.012,0.1144,0.0096
Senna,Xayah,235,498,2.88,2.47,0.4217,0.5783,0.504,0.439,17437,18802,0 days 00:16:49,0 days 00:18:40,0.5063,0.4937,0.4795,0.4769,0.0107,0.0289,0.2869,0.0009
Tahm Kench,Kalista,223,429,2.86,2.09,0.5937,0.4063,0.47,0.464,9182,16414,0 days 00:16:47,0 days 00:16:02,0.5135,0.4865,0.5429,0.5042,0.0098,0.0196,0.0023,0.0029
Tristana,Kog'Maw,18,96,2.54,2.26,0.5327,0.4673,0.47,0.482,17522,22213,0 days 00:17:47,0 days 00:16:56,0.4817,0.5183,0.5021,0.4997,0.0967,0.0264,0.0502,0.0025
Senna,Lucian,235,236,2.61,2.48,0.4175,0.5825,0.513,0.457,16667,18730,0 days 00:16:44,0 days 00:18:38,0.4819,0.5181,0.4795,0.4691,0.0107,0.0479,0.2869,0.0429
Ashe,Aphelios,22,523,2.77,1.9,0.5361,0.4639,0.489,0.423,16593,16722,0 days 00:16:41,0 days 00:17:27,0.5654,0.4346,0.5115,0.4687,0.0531,0.0365,0.0017,0.0039
Xayah,Draven,498,119,2.57,2.21,0.5103,0.4897,0.446,0.448,17149,18241,0 days 00:17:13,0 days 00:17:13,0.5099,0.4901,0.4769,0.4987,0.0289,0.0193,0.0009,0.0035
Aphelios,Xayah,523,498,1.97,2.72,0.4161,0.5839,0.423,0.478,18139,17552,0 days 00:17:07,0 days 00:17:11,0.4798,0.5202,0.4687,0.4769,0.0365,0.0289,0.0039,0.0009
Jhin,Yasuo,202,157,2.97,1.87,0.488,0.512,0.5,0.43,16979,16923,0 days 00:16:44,0 days 00:18:21,0.5261,0.4739,0.511,0.4872,0.1309,0.0075,0.0033,0.1144
Vayne,Tahm Kench,67,223,2.12,2.76,0.3988,0.6012,0.443,0.452,17642,8779,0 days 00:16:04,0 days 00:18:25,0.4567,0.5433,0.5094,0.5429,0.1034,0.0098,0.0528,0.0023
Sivir,Ezreal,15,81,2.8,2.19,0.5177,0.4823,0.46,0.417,19239,19571,0 days 00:18:34,0 days 00:16:29,0.5511,0.4489,0.5184,0.4785,0.0371,0.2779,0.012,0.0323
Jinx,Samira,222,360,2.52,2.46,0.452,0.548,0.493,0.482,18323,17437,0 days 00:16:59,0 days 00:16:37,0.5145,0.4855,0.5083,0.4991,0.2215,0.2017,0.0857,0.6463
Miss Fortune,Tristana,21,18,2.34,2.46,0.4695,0.5305,0.473,0.457,18536,17470,0 days 00:16:37,0 days 00:17:10,0.5147,0.4853,0.5107,0.5021,0.0356,0.0967,0.0012,0.0502
Miss Fortune,Ashe,21,22,2.28,2.45,0.4975,0.5025,0.459,0.465,17747,16024,0 days 00:17:43,0 days 00:17:18,0.5056,0.4944,0.5107,0.5115,0.0356,0.0531,0.0012,0.0017
Jhin,Tahm Kench,202,223,2.88,2.49,0.441,0.559,0.482,0.415,18706,8854,0 days 00:17:38,0 days 00:17:51,0.5049,0.4951,0.511,0.5429,0.1309,0.0098,0.0033,0.0023
Twitch,Lucian,29,236,2.38,2.33,0.5053,0.4947,0.496,0.455,19819,18103,0 days 00:16:37,0 days 00:18:29,0.465,0.535,0.5086,0.4691,0.0151,0.0479,0.0014,0.0429
Tristana,Ezreal,18,81,2.58,2.28,0.5281,0.4719,0.459,0.447,17689,20877,0 days 00:17:24,0 days 00:16:23,0.5299,0.4701,0.5021,0.4785,0.0967,0.2779,0.0502,0.0323
Samira,Ezreal,360,81,2.45,2.31,0.5307,0.4693,0.475,0.462,18109,21347,0 days 00:17:09,0 days 00:17:13,0.5255,0.4745,0.4991,0.4785,0.2017,0.2779,0.6463,0.0323
Aphelios,Tristana,523,18,2.01,2.68,0.4566,0.5434,0.448,0.47,17645,17416,0 days 00:16:30,0 days 00:16:32,0.4607,0.5393,0.4687,0.5021,0.0365,0.0967,0.0039,0.0502
Jhin,Sivir,202,15,2.98,2.46,0.5588,0.4412,0.472,0.438,16628,18200,0 days 00:17:13,0 days 00:18:43,0.4917,0.5083,0.511,0.5184,0.1309,0.0371,0.0033,0.012
Lucian,Kalista,236,429,2.47,2.31,0.5113,0.4887,0.478,0.476,19240,17273,0 days 00:17:20,0 days 00:17:22,0.5028,0.4972,0.4691,0.5042,0.0479,0.0196,0.0429,0.0029
Twitch,Kai'Sa,29,145,2.57,2.33,0.5422,0.4578,0.507,0.464,20076,16880,0 days 00:17:24,0 days 00:17:37,0.5077,0.4923,0.5086,0.5018,0.0151,0.3738,0.0014,0.0619
Twitch,Miss Fortune,29,21,2.54,2.09,0.5708,0.4292,0.503,0.454,20331,17754,0 days 00:17:06,0 days 00:18:01,0.5063,0.4937,0.5086,0.5107,0.0151,0.0356,0.0014,0.0012
Ezreal,Kalista,81,429,2.37,2.39,0.4695,0.5305,0.454,0.461,20696,16919,0 days 00:16:27,0 days 00:17:29,0.4687,0.5313,0.4785,0.5042,0.2779,0.0196,0.0323,0.0029
Sivir,Lucian,15,236,2.57,2.3,0.4388,0.5612,0.458,0.439,19379,18256,0 days 00:17:58,0 days 00:17:22,0.5358,0.4642,0.5184,0.4691,0.0371,0.0479,0.012,0.0429
Yasuo,Xayah,157,498,1.79,2.96,0.3817,0.6183,0.426,0.514,15341,19842,0 days 00:16:50,0 days 00:17:19,0.4559,0.5441,0.4872,0.4769,0.0075,0.0289,0.1144,0.0009
Ezreal,Swain,81,50,2.21,2.85,0.4359,0.5641,0.456,0.499,22812,19691,0 days 00:17:56,0 days 00:17:33,0.4393,0.5607,0.4785,0.5593,0.2779,0.012,0.0323,0.0096
Kog'Maw,Kai'Sa,96,145,2.25,2.6,0.4813,0.5187,0.488,0.472,22772,17022,0 days 00:18:01,0 days 00:17:12,0.4979,0.5021,0.4997,0.5018,0.0264,0.3738,0.0025,0.0619
Lucian,Xayah,236,498,2.44,2.42,0.512,0.488,0.462,0.453,19092,18334,0 days 00:17:37,0 days 00:17:36,0.5054,0.4946,0.4691,0.4769,0.0479,0.0289,0.0429,0.0009
Aphelios,Samira,523,360,1.92,2.72,0.4245,0.5755,0.448,0.502,17382,18009,0 days 00:16:57,0 days 00:16:25,0.431,0.569,0.4687,0.4991,0.0365,0.2017,0.0039,0.6463
Sivir,Aphelios,15,523,2.96,1.92,0.5154,0.4846,0.478,0.412,19628,17224,0 days 00:17:35,0 days 00:16:52,0.5501,0.4499,0.5184,0.4687,0.0371,0.0365,0.012,0.0039
Miss Fortune,Aphelios,21,523,2.76,1.94,0.565,0.435,0.488,0.43,18954,17278,0 days 00:17:04,0 days 00:16:59,0.5522,0.4478,0.5107,0.4687,0.0356,0.0365,0.0012,0.0039
Kog'Maw,Caitlyn,96,51,2.28,2.47,0.4599,0.5401,0.457,0.444,21382,17814,0 days 00:16:12,0 days 00:18:25,0.4811,0.5189,0.4997,0.5039,0.0264,0.0868,0.0025,0.011
Tahm Kench,Kai'Sa,223,145,2.75,2.49,0.5743,0.4257,0.439,0.465,8940,17524,0 days 00:17:46,0 days 00:16:24,0.5521,0.4479,0.5429,0.5018,0.0098,0.3738,0.0023,0.0619
Miss Fortune,Tahm Kench,21,223,2.25,2.78,0.3468,0.6532,0.453,0.459,19637,9662,0 days 00:16:21,0 days 00:17:21,0.4957,0.5043,0.5107,0.5429,0.0356,0.0098,0.0012,0.0023
Vayne,Xayah,67,498,2.21,2.57,0.4352,0.5648,0.443,0.473,17327,18691,0 days 00:16:20,0 days 00:18:17,0.5239,0.4761,0.5094,0.4769,0.1034,0.0289,0.0528,0.0009
Miss Fortune,Draven,21,119,2.41,2.18,0.4718,0.5282,0.476,0.445,18646,18651,0 days 00:17:23,0 days 00:17:03,0.5244,0.4756,0.5107,0.4987,0.0356,0.0193,0.0012,0.0035
Xayah,Vayne,498,67,2.59,2.2,0.5658,0.4342,0.474,0.443,18658,17283,0 days 00:18:18,0 days 00:16:20,0.4792,0.5208,0.4769,0.5094,0.0289,0.1034,0.0009,0.0528
Sivir,Tahm Kench,15,223,2.78,2.65,0.3598,0.6402,0.495,0.422,21299,8965,0 days 00:17:57,0 days 00:16:38,0.4775,0.5225,0.5184,0.5429,0.0371,0.0098,0.012,0.0023
Swain,Lucian,50,236,2.8,2.15,0.5005,0.4995,0.519,0.465,20736,19318,0 days 00:17:21,0 days 00:18:16,0.5746,0.4254,0.5593,0.4691,0.012,0.0479,0.0096,0.0429
Kalista,Senna,429,235,2.1,3.11,0.5181,0.4819,0.459,0.526,15476,17712,0 days 00:18:03,0 days 00:16:31,0.4506,0.5494,0.5042,0.4795,0.0196,0.0107,0.0029,0.2869
Senna,Varus,235,110,2.58,2.51,0.4089,0.5911,0.478,0.47,14980,19841,0 days 00:16:56,0 days 00:18:56,0.5,0.5,0.4795,0.4991,0.0107,0.0774,0.2869,0.0151
Samira,Draven,360,119,2.56,2.02,0.5467,0.4533,0.494,0.445,18097,17379,0 days 00:17:03,0 days 00:16:53,0.558,0.442,0.4991,0.4987,0.2017,0.0193,0.6463,0.0035
Miss Fortune,Jhin,21,202,2.24,3.07,0.455,0.545,0.449,0.482,17844,16949,0 days 00:17:56,0 days 00:17:28,0.4804,0.5196,0.5107,0.511,0.0356,0.1309,0.0012,0.0033
Vayne,Jhin,67,202,2.11,2.98,0.4538,0.5462,0.433,0.499,17104,17808,0 days 00:17:10,0 days 00:18:16,0.5026,0.4974,0.5094,0.511,0.1034,0.1309,0.0528,0.0033
Senna,Tristana,235,18,2.56,2.67,0.3927,0.6073,0.495,0.472,15645,18088,0 days 00:15:53,0 days 00:18:29,0.4791,0.5209,0.4795,0.5021,0.0107,0.0967,0.2869,0.0502
Xayah,Senna,498,235,2.48,2.87,0.5778,0.4222,0.439,0.503,18770,17424,0 days 00:18:39,0 days 00:16:49,0.4958,0.5042,0.4769,0.4795,0.0289,0.0107,0.0009,0.2869
Varus,Aphelios,110,523,2.86,1.81,0.599,0.401,0.496,0.401,20273,16249,0 days 00:17:17,0 days 00:17:03,0.5457,0.4543,0.4991,0.4687,0.0774,0.0365,0.0151,0.0039
Sivir,Samira,15,360,2.59,2.3,0.4557,0.5443,0.484,0.463,19303,17899,0 days 00:17:59,0 days 00:16:35,0.5102,0.4898,0.5184,0.4991,0.0371,0.2017,0.012,0.6463
Kalista,Kog'Maw,429,96,2.16,2.49,0.5056,0.4944,0.451,0.507,15545,22957,0 days 00:17:06,0 days 00:17:16,0.4503,0.5497,0.5042,0.4997,0.0196,0.0264,0.0029,0.0025
Ezreal,Caitlyn,81,51,2.38,2.43,0.4892,0.5108,0.436,0.436,20667,17785,0 days 00:16:00,0 days 00:17:52,0.4772,0.5228,0.4785,0.5039,0.2779,0.0868,0.0323,0.011
Tahm Kench,Draven,223,119,2.97,2.0,0.713,0.287,0.495,0.459,10040,20635,0 days 00:17:09,0 days 00:16:51,0.623,0.377,0.5429,0.4987,0.0098,0.0193,0.0023,0.0035
Twitch,Tahm Kench,29,223,2.43,2.89,0.5333,0.4667,0.513,0.461,19777,8957,0 days 00:16:07,0 days 00:17:19,0.4091,0.5909,0.5086,0.5429,0.0151,0.0098,0.0014,0.0023
Twitch,Swain,29,50,2.33,2.65,0.5216,0.4784,0.499,0.504,20886,18897,0 days 00:16:33,0 days 00:18:22,0.4211,0.5789,0.5086,0.5593,0.0151,0.012,0.0014,0.0096
Tristana,Sivir,18,15,2.46,2.63,0.538,0.462,0.446,0.473,17041,19183,0 days 00:16:46,0 days 00:17:20,0.4799,0.5201,0.5021,0.5184,0.0967,0.0371,0.0502,0.012
Kalista,Swain,429,50,1.89,3.32,0.4084,0.5916,0.456,0.533,15350,19975,0 days 00:17:01,0 days 00:16:34,0.3672,0.6328,0.5042,0.5593,0.0196,0.012,0.0029,0.0096
Xayah,Lucian,498,236,2.42,2.44,0.4887,0.5113,0.453,0.463,18343,19132,0 days 00:17:35,0 days 00:17:38,0.4945,0.5055,0.4769,0.4691,0.0289,0.0479,0.0009,0.0429
Tahm Kench,Miss Fortune,223,21,2.78,2.24,0.6532,0.3468,0.46,0.452,9692,19687,0 days 00:17:24,0 days 00:16:22,0.5064,0.4936,0.5429,0.5107,0.0098,0.0356,0.0023,0.0012
Kog'Maw,Swain,96,50,2.05,2.69,0.421,0.579,0.488,0.52,24823,20212,0 days 00:18:04,0 days 00:19:08,0.4947,0.5053,0.4997,0.5593,0.0264,0.012,0.0025,0.0096
Kai'Sa,Sivir,145,15,2.59,2.62,0.5455,0.4545,0.458,0.464,17167,19114,0 days 00:16:26,0 days 00:18:29,0.486,0.514,0.5018,0.5184,0.3738,0.0371,0.0619,0.012
Varus,Kalista,110,429,2.43,2.17,0.5176,0.4824,0.479,0.444,19105,15479,0 days 00:17:04,0 days 00:17:24,0.4731,0.5269,0.4991,0.5042,0.0774,0.0196,0.0151,0.0029
Ashe,Kalista,22,429,2.57,2.13,0.4887,0.5113,0.496,0.451,17257,15803,0 days 00:16:49,0 days 00:17:32,0.5524,0.4476,0.5115,0.5042,0.0531,0.0196,0.0017,0.0029
Kog'Maw,Twitch,96,29,2.05,2.46,0.436,0.564,0.465,0.497,21285,19812,0 days 00:18:00,0 days 00:17:24,0.5096,0.4904,0.4997,0.5086,0.0264,0.0151,0.0025,0.0014
Aphelios,Sivir,523,15,1.91,2.96,0.4858,0.5142,0.412,0.477,17179,19509,0 days 00:16:51,0 days 00:17:37,0.45,0.55,0.4687,0.5184,0.0365,0.0371,0.0039,0.012
Samira,Senna,360,235,2.26,2.79,0.5346,0.4654,0.47,0.53,17502,17857,0 days 00:17:46,0 days 00:16:59,0.4995,0.5005,0.4991,0.4795,0.2017,0.0107,0.6463,0.2869
Tristana,Twitch,18,29,2.39,2.46,0.4843,0.5157,0.459,0.506,17374,19868,0 days 00:18:01,0 days 00:16:13,0.5239,0.4761,0.5021,0.5086,0.0967,0.0151,0.0502,0.0014
Jinx,Xayah,222,498,2.68,2.48,0.4614,0.5386,0.471,0.449,17906,16857,0 days 00:16:48,0 days 00:17:22,0.5487,0.4513,0.5083,0.4769,0.2215,0.0289,0.0857,0.0009
Kog'Maw,Tahm Kench,96,223,2.29,2.54,0.3993,0.6007,0.485,0.446,25679,8356,0 days 00:17:18,0 days 00:17:06,0.5092,0.4908,0.4997,0.5429,0.0264,0.0098,0.0025,0.0023
Senna,Vayne,235,67,2.91,2.09,0.5154,0.4846,0.517,0.432,17896,16944,0 days 00:17:57,0 days 00:17:51,0.5151,0.4849,0.4795,0.5094,0.0107,0.1034,0.2869,0.0528
Swain,Tristana,50,18,2.87,2.27,0.5201,0.4799,0.529,0.462,20795,18386,0 days 00:16:57,0 days 00:18:00,0.5236,0.4764,0.5593,0.5021,0.012,0.0967,0.0096,0.0502
Swain,Caitlyn,50,51,2.95,2.12,0.5976,0.4024,0.508,0.446,19978,18374,0 days 00:16:43,0 days 00:17:47,0.5367,0.4633,0.5593,0.5039,0.012,0.0868,0.0096,0.011
Vayne,Sivir,67,15,2.2,2.58,0.5213,0.4787,0.428,0.469,17164,18758,0 days 00:16:30,0 days 00:18:27,0.5134,0.4866,0.5094,0.5184,0.1034,0.0371,0.0528,0.012
Kai'Sa,Jhin,145,202,2.51,2.89,0.5033,0.4967,0.464,0.488,17341,16915,0 days 00:17:35,0 days 00:17:51,0.5003,0.4997,0.5018,0.511,0.3738,0.1309,0.0619,0.0033
Kog'Maw,Xayah,96,498,2.39,2.4,0.4509,0.5491,0.487,0.444,23885,17663,0 days 00:17:07,0 days 00:17:38,0.5556,0.4444,0.4997,0.4769,0.0264,0.0289,0.0025,0.0009
Senna,Caitlyn,235,51,2.98,2.39,0.4374,0.5626,0.503,0.444,16024,17979,0 days 00:15:48,0 days 00:18:35,0.5062,0.4938,0.4795,0.5039,0.0107,0.0868,0.2869,0.011
Varus,Sivir,110,15,2.33,2.62,0.541,0.459,0.438,0.446,18289,18363,0 days 00:17:09,0 days 00:18:30,0.4674,0.5326,0.4991,0.5184,0.0774,0.0371,0.0151,0.012
Jinx,Kai'Sa,222,145,2.52,2.78,0.4466,0.5534,0.475,0.477,17692,17026,0 days 00:17:19,0 days 00:16:40,0.5083,0.4917,0.5083,0.5018,0.2215,0.3738,0.0857,0.0619
Samira,Caitlyn,360,51,2.44,2.31,0.5482,0.4518,0.474,0.462,17281,17962,0 days 00:15:46,0 days 00:17:30,0.4991,0.5009,0.4991,0.5039,0.2017,0.0868,0.6463,0.011
Vayne,Kai'Sa,67,145,2.23,2.63,0.4589,0.5411,0.452,0.486,17308,18036,0 days 00:17:09,0 days 00:17:42,0.5089,0.4911,0.5094,0.5018,0.1034,0.3738,0.0528,0.0619
Twitch,Samira,29,360,2.55,2.18,0.5255,0.4745,0.521,0.468,19595,17379,0 days 00:17:08,0 days 00:17:34,0.5053,0.4947,0.5086,0.4991,0.0151,0.2017,0.0014,0.6463
Jhin,Kai'Sa,202,145,2.89,2.51,0.4969,0.5031,0.488,0.464,16919,17341,0 days 00:17:51,0 days 00:17:35,0.4998,0.5002,0.511,0.5018,0.1309,0.3738,0.0033,0.0619
Kai'Sa,Twitch,145,29,2.35,2.57,0.4592,0.5408,0.463,0.506,16902,20054,0 days 00:17:38,0 days 00:17:24,0.4942,0.5058,0.5018,0.5086,0.3738,0.0151,0.0619,0.0014
Ashe,Senna,22,235,2.52,2.63,0.526,0.474,0.47,0.491,16829,15842,0 days 00:18:20,0 days 00:17:18,0.526,0.474,0.5115,0.4795,0.0531,0.0107,0.0017,0.2869
Twitch,Sivir,29,15,2.64,2.29,0.6274,0.3726,0.495,0.448,21145,17514,0 days 00:16:56,0 days 00:18:16,0.4992,0.5008,0.5086,0.5184,0.0151,0.0371,0.0014,0.012
Draven,Aphelios,119,523,2.44,2.02,0.5143,0.4857,0.463,0.437,18107,16206,0 days 00:16:33,0 days 00:16:33,0.5342,0.4658,0.4987,0.4687,0.0193,0.0365,0.0035,0.0039
Jinx,Ezreal,222,81,2.51,2.49,0.4742,0.5258,0.458,0.451,17590,21207,0 days 00:17:03,0 days 00:17:02,0.5133,0.4867,0.5083,0.4785,0.2215,0.2779,0.0857,0.0323
Yasuo,Tahm Kench,157,223,1.83,3.02,0.3853,0.6147,0.448,0.502,16603,11645,0 days 00:16:34,0 days 00:16:54,0.4098,0.5902,0.4872,0.5429,0.0075,0.0098,0.1144,0.0023
Kog'Maw,Kai'Sa,96,145,2.25,2.6,0.4813,0.5187,0.488,0.472,22772,17022,0 days 00:18:01,0 days 00:17:12,0.4979,0.5021,0.4997,0.5018,0.0264,0.3738,0.0025,0.0619
Jinx,Miss Fortune,222,21,2.47,2.53,0.4707,0.5293,0.457,0.472,17052,18307,0 days 00:16:46,0 days 00:17:13,0.499,0.501,0.5083,0.5107,0.2215,0.0356,0.0857,0.0012
Vayne,Ashe,67,22,2.09,2.51,0.4849,0.5151,0.434,0.482,16289,17235,0 days 00:16:44,0 days 00:18:08,0.4861,0.5139,0.5094,0.5115,0.1034,0.0531,0.0528,0.0017
Caitlyn,Sivir,51,15,2.26,2.85,0.4807,0.5193,0.417,0.46,16847,19157,0 days 00:17:08,0 days 00:17:28,0.4805,0.5195,0.5039,0.5184,0.0868,0.0371,0.011,0.012
Xayah,Miss Fortune,498,21,2.39,2.5,0.5328,0.4672,0.44,0.464,17130,18780,0 days 00:17:41,0 days 00:17:12,0.4513,0.5487,0.4769,0.5107,0.0289,0.0356,0.0009,0.0012
Samira,Kai'Sa,360,145,2.47,2.49,0.5215,0.4785,0.495,0.486,18532,17394,0 days 00:17:24,0 days 00:16:56,0.5198,0.4802,0.4991,0.5018,0.2017,0.3738,0.6463,0.0619
Ezreal,Draven,81,119,2.41,2.22,0.4951,0.5049,0.452,0.441,20663,18425,0 days 00:16:57,0 days 00:17:25,0.4934,0.5066,0.4785,0.4987,0.2779,0.0193,0.0323,0.0035
Twitch,Kai'Sa,29,145,2.58,2.34,0.5425,0.4575,0.507,0.463,20120,16901,0 days 00:17:25,0 days 00:17:38,0.508,0.492,0.5086,0.5018,0.0151,0.3738,0.0014,0.0619
Jhin,Aphelios,202,523,3.32,1.92,0.5715,0.4285,0.505,0.428,17148,17227,0 days 00:16:52,0 days 00:17:36,0.5365,0.4635,0.511,0.4687,0.1309,0.0365,0.0033,0.0039
Caitlyn,Kog'Maw,51,96,2.47,2.28,0.5405,0.4595,0.444,0.457,17809,21387,0 days 00:18:24,0 days 00:16:12,0.5192,0.4808,0.5039,0.4997,0.0868,0.0264,0.011,0.0025
Tahm Kench,Aphelios,223,523,2.98,2.11,0.566,0.434,0.447,0.461,8550,19818,0 days 00:16:11,0 days 00:17:18,0.5714,0.4286,0.5429,0.4687,0.0098,0.0365,0.0023,0.0039
Sivir,Kog'Maw,15,96,2.72,2.15,0.5049,0.4951,0.462,0.445,19349,21691,0 days 00:18:26,0 days 00:17:09,0.5206,0.4794,0.5184,0.4997,0.0371,0.0264,0.012,0.0025
Miss Fortune,Samira,21,360,2.39,2.3,0.4743,0.5257,0.494,0.475,18978,17646,0 days 00:17:31,0 days 00:16:43,0.5101,0.4899,0.5107,0.4991,0.0356,0.2017,0.0012,0.6463
Kai'Sa,Xayah,145,498,2.63,2.51,0.4785,0.5215,0.471,0.461,17574,17729,0 days 00:16:38,0 days 00:17:58,0.5156,0.4844,0.5018,0.4769,0.3738,0.0289,0.0619,0.0009
Draven,Jinx,119,222,2.31,2.53,0.5293,0.4707,0.453,0.48,18232,17173,0 days 00:17:01,0 days 00:16:38,0.4823,0.5177,0.4987,0.5083,0.0193,0.2215,0.0035,0.0857
Varus,Xayah,110,498,2.59,2.28,0.5203,0.4797,0.473,0.426,19491,16161,0 days 00:17:28,0 days 00:17:40,0.5249,0.4751,0.4991,0.4769,0.0774,0.0289,0.0151,0.0009
Twitch,Ashe,29,22,2.58,2.09,0.6026,0.3974,0.497,0.449,19902,15229,0 days 00:17:34,0 days 00:17:33,0.5298,0.4702,0.5086,0.5115,0.0151,0.0531,0.0014,0.0017
Draven,Kog'Maw,119,96,2.17,2.31,0.4915,0.5085,0.455,0.482,17950,22292,0 days 00:17:28,0 days 00:17:47,0.4702,0.5298,0.4987,0.4997,0.0193,0.0264,0.0035,0.0025
Xayah,Swain,498,50,2.04,3.12,0.4352,0.5648,0.437,0.536,19255,22544,0 days 00:18:29,0 days 00:17:34,0.4121,0.5879,0.4769,0.5593,0.0289,0.012,0.0009,0.0096
Kog'Maw,Tristana,96,18,2.26,2.54,0.4671,0.5329,0.481,0.47,22214,17498,0 days 00:16:54,0 days 00:17:46,0.519,0.481,0.4997,0.5021,0.0264,0.0967,0.0025,0.0502
Sivir,Miss Fortune,15,21,2.71,2.29,0.4989,0.5011,0.459,0.443,18743,17533,0 days 00:18:06,0 days 00:16:57,0.5211,0.4789,0.5184,0.5107,0.0371,0.0356,0.012,0.0012
Aphelios,Kog'Maw,523,96,1.96,2.53,0.4698,0.5302,0.434,0.506,16716,22356,0 days 00:17:47,0 days 00:16:55,0.4417,0.5583,0.4687,0.4997,0.0365,0.0264,0.0039,0.0025
Varus,Kai'Sa,110,145,2.45,2.46,0.5142,0.4858,0.476,0.46,19290,16649,0 days 00:17:57,0 days 00:16:58,0.5005,0.4995,0.4991,0.5018,0.0774,0.3738,0.0151,0.0619
Kog'Maw,Draven,96,119,2.31,2.17,0.5073,0.4927,0.482,0.455,22255,17930,0 days 00:17:46,0 days 00:17:28,0.5281,0.4719,0.4997,0.4987,0.0264,0.0193,0.0025,0.0035
Tristana,Senna,18,235,2.68,2.56,0.6099,0.3901,0.472,0.493,18099,15618,0 days 00:18:30,0 days 00:15:51,0.5238,0.4762,0.5021,0.4795,0.0967,0.0107,0.0502,0.2869
Kai'Sa,Tahm Kench,145,223,2.49,2.75,0.4256,0.5744,0.466,0.439,17555,8945,0 days 00:16:24,0 days 00:17:46,0.4491,0.5509,0.5018,0.5429,0.3738,0.0098,0.0619,0.0023
Kog'Maw,Ezreal,96,81,2.24,2.39,0.4891,0.5109,0.463,0.442,22128,21169,0 days 00:17:45,0 days 00:17:45,0.5053,0.4947,0.4997,0.4785,0.0264,0.2779,0.0025,0.0323
Tristana,Lucian,18,236,2.43,2.35,0.4835,0.5165,0.457,0.466,17918,18529,0 days 00:17:06,0 days 00:17:05,0.521,0.479,0.5021,0.4691,0.0967,0.0479,0.0502,0.0429
Xayah,Varus,498,110,2.29,2.59,0.4813,0.5187,0.427,0.473,16214,19555,0 days 00:17:39,0 days 00:17:28,0.4758,0.5242,0.4769,0.4991,0.0289,0.0774,0.0009,0.0151
Draven,Vayne,119,67,2.17,2.24,0.5256,0.4744,0.458,0.447,19186,16489,0 days 00:17:51,0 days 00:16:23,0.4819,0.5181,0.4987,0.5094,0.0193,0.1034,0.0035,0.0528
Jhin,Miss Fortune,202,21,3.07,2.24,0.5453,0.4547,0.482,0.449,16943,17844,0 days 00:17:28,0 days 00:17:56,0.5183,0.4817,0.511,0.5107,0.1309,0.0356,0.0033,0.0012
Miss Fortune,Swain,21,50,2.19,2.76,0.4279,0.5721,0.479,0.502,19492,20371,0 days 00:18:08,0 days 00:17:23,0.4593,0.5407,0.5107,0.5593,0.0356,0.012,0.0012,0.0096
Yasuo,Senna,157,235,1.7,3.01,0.4893,0.5107,0.437,0.543,16423,19631,0 days 00:18:47,0 days 00:16:59,0.4568,0.5432,0.4872,0.4795,0.0075,0.0107,0.1144,0.2869
Kalista,Jhin,429,202,2.18,2.97,0.49,0.51,0.456,0.501,16642,17627,0 days 00:17:37,0 days 00:16:54,0.4906,0.5094,0.5042,0.511,0.0196,0.1309,0.0029,0.0033
Caitlyn,Jinx,51,222,2.51,2.61,0.5282,0.4718,0.445,0.459,17605,17125,0 days 00:17:23,0 days 00:15:51,0.4972,0.5028,0.5039,0.5083,0.0868,0.2215,0.011,0.0857
Aphelios,Vayne,523,67,2.1,2.44,0.4916,0.5084,0.458,0.458,18662,16955,0 days 00:17:59,0 days 00:15:56,0.4723,0.5277,0.4687,0.5094,0.0365,0.1034,0.0039,0.0528
Ezreal,Sivir,81,15,2.19,2.8,0.4824,0.5176,0.416,0.461,19570,19240,0 days 00:16:29,0 days 00:18:34,0.4483,0.5517,0.4785,0.5184,0.2779,0.0371,0.0323,0.012
Samira,Lucian,360,236,2.32,2.37,0.4715,0.5285,0.483,0.485,18683,19060,0 days 00:16:49,0 days 00:17:48,0.5241,0.4759,0.4991,0.4691,0.2017,0.0479,0.6463,0.0429
Jhin,Xayah,202,498,3.11,2.27,0.5134,0.4866,0.486,0.428,17642,16772,0 days 00:17:17,0 days 00:18:04,0.5356,0.4644,0.511,0.4769,0.1309,0.0289,0.0033,0.0009
Tristana,Xayah,18,498,2.46,2.48,0.4699,0.5301,0.459,0.446,17365,17433,0 days 00:16:49,0 days 00:16:55,0.509,0.491,0.5021,0.4769,0.0967,0.0289,0.0502,0.0009
Tahm Kench,Samira,223,360,2.87,2.17,0.606,0.394,0.468,0.482,9566,17926,0 days 00:17:21,0 days 00:16:10,0.5693,0.4307,0.5429,0.4991,0.0098,0.2017,0.0023,0.6463
Kog'Maw,Senna,96,235,2.38,2.67,0.4953,0.5047,0.485,0.501,22921,15664,0 days 00:18:40,0 days 00:17:10,0.548,0.452,0.4997,0.4795,0.0264,0.0107,0.0025,0.2869
Senna,Miss Fortune,235,21,2.66,2.43,0.4737,0.5263,0.492,0.453,16046,18442,0 days 00:17:08,0 days 00:18:41,0.4535,0.5465,0.4795,0.5107,0.0107,0.0356,0.2869,0.0012
Ashe,Xayah,22,498,2.48,2.29,0.4721,0.5279,0.47,0.443,16600,16617,0 days 00:17:11,0 days 00:18:02,0.5431,0.4569,0.5115,0.4769,0.0531,0.0289,0.0017,0.0009
